k,t,true_x,true_y,true_z,pure_x,pure_y,pure_z,eskf_x,eskf_y,eskf_z
0,0,5,0,0,5,0,0,5,0,0
1,0.01,4.99994,0.0249999,0,4.99994,0.0249904,1.2536e-05,4.99994,0.0249904,1.2536e-05
2,0.02,4.99975,0.0499992,0,4.99977,0.049957,5.3702e-05,4.99977,0.049957,5.3702e-05
3,0.03,4.99944,0.0749972,0,4.99949,0.0748961,0.000125757,4.99949,0.0748961,0.000125757
4,0.04,4.999,0.0999933,0,4.9991,0.0998125,0.000233206,4.9991,0.0998125,0.000233206
5,0.05,4.99844,0.124987,0,4.9986,0.124701,0.000370391,4.9986,0.124701,0.000370391
6,0.06,4.99775,0.149978,0,4.99797,0.149558,0.000535117,4.99797,0.149558,0.000535117
7,0.07,4.99694,0.174964,0,4.99723,0.174391,0.000739108,4.99723,0.174391,0.000739108
8,0.08,4.996,0.199947,0,4.99639,0.199198,0.000974618,4.99639,0.199198,0.000974618
9,0.09,4.99494,0.224924,0,4.99543,0.223981,0.00123429,4.99543,0.223981,0.00123429
10,0.1,4.99375,0.249896,0,4.99435,0.248747,0.00152147,4.99435,0.248747,0.00152147
11,0.11,4.99244,0.274861,0,4.99316,0.273484,0.00183361,4.99316,0.273484,0.00183361
12,0.12,4.991,0.29982,0,4.99186,0.298185,0.00216843,4.99186,0.298185,0.00216843
13,0.13,4.98944,0.324771,0,4.99043,0.322867,0.00252837,4.99043,0.322867,0.00252837
14,0.14,4.98776,0.349714,0,4.98889,0.347531,0.00291719,4.98889,0.347531,0.00291719
15,0.15,4.98594,0.374649,0,4.98723,0.372166,0.00333801,4.98723,0.372166,0.00333801
16,0.16,4.98401,0.399573,0,4.98545,0.396763,0.0037884,4.98545,0.396763,0.0037884
17,0.17,4.98195,0.424488,0,4.98354,0.421323,0.00426881,4.98354,0.421323,0.00426881
18,0.18,4.97976,0.449393,0,4.9815,0.445846,0.00477835,4.9815,0.445846,0.00477835
19,0.19,4.97745,0.474286,0,4.97933,0.470333,0.005321,4.97933,0.470333,0.005321
20,0.2,4.97502,0.499167,0,4.97704,0.494789,0.00589884,4.97702,0.494277,0.00554634
21,0.21,4.97246,0.524036,0,4.97464,0.519219,0.00651092,4.97462,0.518694,0.0061494
22,0.22,4.96978,0.548892,0,4.97214,0.543623,0.00715938,4.97212,0.543085,0.00678865
23,0.23,4.96697,0.573733,0,4.96952,0.568,0.00783685,4.9695,0.567448,0.00745671
24,0.24,4.96404,0.598561,0,4.96679,0.592353,0.00853879,4.96677,0.591787,0.00814907
25,0.25,4.96099,0.623374,0,4.96394,0.616669,0.00925475,4.96392,0.616087,0.00885525
26,0.26,4.95781,0.648171,0,4.96098,0.640941,0.00998739,4.96096,0.640345,0.00957793
27,0.27,4.95451,0.672952,0,4.9579,0.665178,0.0107515,4.95787,0.664567,0.0103319
28,0.28,4.95108,0.697716,0,4.95467,0.68938,0.0115502,4.95465,0.688754,0.0111202
29,0.29,4.94753,0.722462,0,4.95132,0.713528,0.0123867,4.9513,0.712886,0.0119462
30,0.3,4.94386,0.747191,0,4.94785,0.737622,0.013262,4.94783,0.736963,0.0128108
31,0.31,4.94006,0.7719,0,4.94426,0.761677,0.014161,4.94423,0.761002,0.0136988
32,0.32,4.93614,0.796591,0,4.94054,0.785681,0.0150857,4.94051,0.78499,0.0146124
33,0.33,4.93209,0.821262,0,4.93671,0.809641,0.0160475,4.93668,0.808933,0.015563
34,0.34,4.92792,0.845912,0,4.93277,0.833564,0.0170396,4.93274,0.832839,0.0165435
35,0.35,4.92363,0.870541,0,4.92871,0.85744,0.0180673,4.92869,0.856697,0.0175595
36,0.36,4.91922,0.895148,0,4.92454,0.881261,0.0191269,4.92451,0.8805,0.0186073
37,0.37,4.91468,0.919733,0,4.92025,0.905019,0.0202085,4.92022,0.90424,0.0196768
38,0.38,4.91002,0.944294,0,4.91584,0.928715,0.0213133,4.91581,0.927918,0.0207693
39,0.39,4.90524,0.968833,0,4.9113,0.952359,0.0224536,4.91127,0.951543,0.0218972
40,0.4,4.90033,0.993347,0,4.90664,0.97595,0.0236383,4.90483,0.973085,0.0236586
41,0.41,4.8953,1.01784,0,4.90185,0.999478,0.0248506,4.89997,0.996513,0.0248791
42,0.42,4.89015,1.0423,0,4.89694,1.02294,0.0260767,4.89499,1.01987,0.0261134
43,0.43,4.88488,1.06674,0,4.8919,1.04636,0.0273262,4.88989,1.04318,0.0273711
44,0.44,4.87949,1.09115,0,4.88674,1.06972,0.0286051,4.88465,1.06644,0.0286584
45,0.45,4.87397,1.11553,0,4.88146,1.09302,0.0299162,4.8793,1.08963,0.0299779
46,0.46,4.86833,1.13989,0,4.87606,1.11626,0.0312627,4.87383,1.11277,0.0313328
47,0.47,4.86257,1.16421,0,4.87055,1.13946,0.0326441,4.86824,1.13585,0.0327228
48,0.48,4.85669,1.18851,0,4.86492,1.1626,0.0340542,4.86254,1.15888,0.0341415
49,0.49,4.85069,1.21278,0,4.85918,1.18566,0.0354873,4.85672,1.18183,0.0355832
50,0.5,4.84456,1.23702,0,4.85333,1.20867,0.0369425,4.85079,1.20472,0.0370472
51,0.51,4.83832,1.26123,0,4.84736,1.23164,0.0384203,4.84475,1.22757,0.0385337
52,0.52,4.83195,1.2854,0,4.84129,1.25456,0.0399266,4.8386,1.25036,0.0400488
53,0.53,4.82546,1.30955,0,4.83508,1.27742,0.0414559,4.83231,1.2731,0.0415869
54,0.54,4.81885,1.33366,0,4.82874,1.30022,0.043005,4.82589,1.29578,0.043145
55,0.55,4.81213,1.35773,0,4.82229,1.32297,0.0445813,4.81936,1.3184,0.0447302
56,0.56,4.80528,1.38178,0,4.81574,1.34567,0.0461911,4.81272,1.34096,0.046349
57,0.57,4.79831,1.40579,0,4.80905,1.3683,0.0478331,4.80596,1.36346,0.0480001
58,0.58,4.79122,1.42976,0,4.80224,1.39086,0.0495042,4.79906,1.38589,0.0496802
59,0.59,4.78401,1.4537,0,4.7953,1.41336,0.0512091,4.79203,1.40825,0.0513942
60,0.6,4.77668,1.4776,0,4.78823,1.43578,0.0529539,4.78478,1.42538,0.0508377
61,0.61,4.76923,1.50147,0,4.78106,1.45813,0.0547369,4.77752,1.44742,0.052561
62,0.62,4.76167,1.52529,0,4.77377,1.48039,0.0565578,4.77015,1.46937,0.0543213
63,0.63,4.75398,1.54908,0,4.76636,1.50258,0.0584143,4.76266,1.49124,0.0561165
64,0.64,4.74618,1.57283,0,4.75883,1.5247,0.060299,4.75503,1.51304,0.0579389
65,0.65,4.73825,1.59654,0,4.75117,1.54673,0.0622061,4.74729,1.53474,0.0597828
66,0.66,4.73021,1.62022,0,4.74339,1.56868,0.0641447,4.73942,1.55635,0.0616573
67,0.67,4.72205,1.64385,0,4.7355,1.59054,0.0661168,4.73144,1.57787,0.0635645
68,0.68,4.71377,1.66744,0,4.7275,1.61233,0.0681109,4.72335,1.59932,0.0654927
69,0.69,4.70538,1.69098,0,4.71937,1.63406,0.0701349,4.71513,1.62071,0.0674501
70,0.7,4.69686,1.71449,0,4.71111,1.65572,0.0721851,4.70679,1.64201,0.0694327
71,0.71,4.68823,1.73795,0,4.70274,1.67729,0.0742512,4.69833,1.66323,0.0714304
72,0.72,4.67948,1.76137,0,4.69426,1.69879,0.0763449,4.68975,1.68436,0.0734547
73,0.73,4.67062,1.78475,0,4.68566,1.7202,0.0784767,4.68106,1.70541,0.0755163
74,0.74,4.66164,1.80808,0,4.67695,1.74155,0.0806375,4.67226,1.72637,0.077606
75,0.75,4.65254,1.83136,0,4.66812,1.7628,0.0828288,4.66334,1.74725,0.0797253
76,0.76,4.64332,1.8546,0,4.65915,1.78397,0.0850553,4.65428,1.76803,0.0818788
77,0.77,4.63399,1.8778,0,4.65008,1.80504,0.0873057,4.64511,1.78871,0.0840553
78,0.78,4.62455,1.90094,0,4.6409,1.82603,0.0895758,4.63583,1.8093,0.0862506
79,0.79,4.61498,1.92404,0,4.63159,1.84694,0.0918738,4.62643,1.82981,0.0884728
80,0.8,4.6053,1.94709,0,4.62216,1.86776,0.0941924,4.63465,1.84869,0.0795351
81,0.81,4.59551,1.97009,0,4.61261,1.8885,0.0965207,4.62548,1.869,0.0815364
82,0.82,4.5856,1.99305,0,4.60295,1.90916,0.0988696,4.6162,1.88922,0.0835553
83,0.83,4.57558,2.01595,0,4.59318,1.92973,0.101245,4.60682,1.90935,0.0855977
84,0.84,4.56544,2.0388,0,4.58328,1.9502,0.103642,4.59732,1.92938,0.0876587
85,0.85,4.55519,2.0616,0,4.57327,1.97058,0.106063,4.58771,1.94931,0.0897409
86,0.86,4.54483,2.08435,0,4.56313,1.99088,0.108512,4.57799,1.96915,0.0918475
87,0.87,4.53435,2.10705,0,4.55289,2.01109,0.110988,4.56816,1.9889,0.0939786
88,0.88,4.52376,2.1297,0,4.54254,2.0312,0.113482,4.55824,2.00854,0.0961248
89,0.89,4.51305,2.15229,0,4.53208,2.05122,0.115985,4.54821,2.02809,0.0982769
90,0.9,4.50224,2.17483,0,4.52151,2.07115,0.118509,4.53807,2.04754,0.100447
91,0.91,4.49131,2.19731,0,4.51083,2.09101,0.121061,4.52784,2.06692,0.102642
92,0.92,4.48026,2.21974,0,4.50003,2.11077,0.123637,4.51749,2.08619,0.104858
93,0.93,4.46911,2.24211,0,4.48911,2.13042,0.126243,4.50704,2.10536,0.107101
94,0.94,4.45784,2.26443,0,4.47808,2.14997,0.128887,4.49647,2.12441,0.109379
95,0.95,4.44646,2.28669,0,4.46694,2.16942,0.13157,4.4858,2.14336,0.111694
96,0.96,4.43497,2.3089,0,4.45568,2.18878,0.134284,4.47503,2.16221,0.114035
97,0.97,4.42337,2.33104,0,4.44433,2.20803,0.137021,4.46416,2.18095,0.116398
98,0.98,4.41166,2.35313,0,4.43287,2.22717,0.139796,4.4532,2.19958,0.118794
99,0.99,4.39984,2.37516,0,4.42129,2.2462,0.142596,4.44212,2.21809,0.121214
100,1,4.38791,2.39713,0,4.40959,2.26513,0.145423,4.48706,2.21448,0.168362
101,1.01,4.37587,2.41904,0,4.39778,2.28395,0.148288,4.47711,2.23236,0.171707
102,1.02,4.36372,2.44089,0,4.38586,2.30266,0.151178,4.46706,2.25011,0.175083
103,1.03,4.35146,2.46267,0,4.37382,2.32125,0.154103,4.45694,2.26774,0.178497
104,1.04,4.3391,2.4844,0,4.36167,2.33975,0.157071,4.44672,2.28526,0.181959
105,1.05,4.32662,2.50607,0,4.34939,2.35814,0.16007,4.43641,2.30267,0.185457
106,1.06,4.31404,2.52767,0,4.337,2.37642,0.163102,4.426,2.31996,0.188992
107,1.07,4.30134,2.54921,0,4.32448,2.39459,0.166164,4.41551,2.33713,0.192562
108,1.08,4.28854,2.57068,0,4.31185,2.41265,0.169241,4.40492,2.35419,0.196151
109,1.09,4.27564,2.59209,0,4.29909,2.4306,0.172338,4.39424,2.37112,0.199766
110,1.1,4.26262,2.61344,0,4.28623,2.44843,0.175465,4.38349,2.38794,0.203414
111,1.11,4.2495,2.63472,0,4.27327,2.46614,0.178616,4.37266,2.40462,0.20709
112,1.12,4.23628,2.65593,0,4.26018,2.48373,0.18178,4.36173,2.42118,0.210785
113,1.13,4.22294,2.67708,0,4.24698,2.5012,0.184956,4.35073,2.43761,0.214496
114,1.14,4.2095,2.69816,0,4.23369,2.51856,0.188143,4.33965,2.45393,0.218223
115,1.15,4.19596,2.71917,0,4.22028,2.53582,0.191355,4.32849,2.47013,0.221979
116,1.16,4.18231,2.74012,0,4.20676,2.55297,0.194603,4.31725,2.48622,0.225776
117,1.17,4.16856,2.761,0,4.19314,2.57,0.197879,4.30594,2.50218,0.229605
118,1.18,4.1547,2.78181,0,4.17944,2.58691,0.201184,4.29457,2.51802,0.233468
119,1.19,4.14074,2.80254,0,4.16562,2.6037,0.204521,4.28313,2.53373,0.237366
120,1.2,4.12668,2.82321,0,4.1517,2.62037,0.207885,4.21382,2.67611,0.2578
121,1.21,4.11251,2.84381,0,4.13767,2.63693,0.211276,4.20088,2.69407,0.262065
122,1.22,4.09824,2.86434,0,4.12355,2.65336,0.214691,4.18784,2.71193,0.266361
123,1.23,4.08387,2.88479,0,4.1093,2.66968,0.218128,4.17469,2.72969,0.270686
124,1.24,4.06939,2.90518,0,4.09492,2.68588,0.221583,4.16143,2.74737,0.275038
125,1.25,4.05482,2.92549,0,4.08045,2.70198,0.225063,4.14807,2.76495,0.279422
126,1.26,4.04014,2.94572,0,4.06587,2.71794,0.228568,4.13462,2.78243,0.283838
127,1.27,4.02536,2.96589,0,4.05119,2.73378,0.232097,4.12108,2.79981,0.288285
128,1.28,4.01048,2.98598,0,4.0364,2.7495,0.235653,4.10744,2.81708,0.292769
129,1.29,3.9955,3.00599,0,4.02152,2.76509,0.239234,4.09371,2.83426,0.297284
130,1.3,3.98042,3.02593,0,4.00653,2.78056,0.242838,4.07989,2.85133,0.301831
131,1.31,3.96524,3.0458,0,3.99143,2.79589,0.246478,4.06596,2.8683,0.306421
132,1.32,3.94996,3.06558,0,3.97622,2.81111,0.250153,4.05193,2.88517,0.311055
133,1.33,3.93458,3.0853,0,3.9609,2.82621,0.25386,4.0378,2.90194,0.315728
134,1.34,3.91911,3.10493,0,3.94547,2.84117,0.257594,4.02358,2.91861,0.320436
135,1.35,3.90353,3.12449,0,3.92994,2.856,0.261363,4.00926,2.93515,0.325186
136,1.36,3.88786,3.14397,0,3.91433,2.8707,0.265168,3.99486,2.9516,0.329981
137,1.37,3.8721,3.16337,0,3.89863,2.88527,0.268998,3.9804,2.96794,0.334809
138,1.38,3.85623,3.18269,0,3.88286,2.89972,0.27286,3.96587,2.98419,0.339677
139,1.39,3.84027,3.20193,0,3.86699,2.91405,0.276755,3.95124,3.00034,0.344585
140,1.4,3.82421,3.22109,0,3.85102,2.92824,0.280688,3.9661,2.99794,0.328284
141,1.41,3.80806,3.24017,0,3.83494,2.94229,0.284648,3.95185,3.01356,0.332983
142,1.42,3.79181,3.25917,0,3.81876,2.95622,0.288627,3.9375,3.02907,0.337708
143,1.43,3.77547,3.27809,0,3.80247,2.97001,0.292631,3.92307,3.04448,0.342464
144,1.44,3.75903,3.29692,0,3.78607,2.98366,0.296653,3.90854,3.05976,0.347245
145,1.45,3.7425,3.31568,0,3.76957,2.99718,0.300693,3.89393,3.07493,0.35205
146,1.46,3.72587,3.33435,0,3.75299,3.01057,0.304744,3.87925,3.09,0.356873
147,1.47,3.70915,3.35294,0,3.7363,3.02383,0.308805,3.86448,3.10496,0.361713
148,1.48,3.69234,3.37144,0,3.71951,3.03693,0.312879,3.84962,3.11979,0.366573
149,1.49,3.67544,3.38986,0,3.70262,3.04991,0.316968,3.83469,3.13451,0.371454
150,1.5,3.65844,3.40819,0,3.68564,3.06274,0.321075,3.81967,3.14913,0.376359
151,1.51,3.64136,3.42644,0,3.66856,3.07544,0.3252,3.80457,3.16362,0.381289
152,1.52,3.62418,3.44461,0,3.6514,3.08799,0.329342,3.7894,3.17799,0.386243
153,1.53,3.60691,3.46268,0,3.63414,3.1004,0.333492,3.77415,3.19224,0.391213
154,1.54,3.58955,3.48068,0,3.61678,3.11266,0.337657,3.75883,3.20637,0.396204
155,1.55,3.57211,3.49858,0,3.59934,3.12477,0.34185,3.74343,3.22037,0.40123
156,1.56,3.55457,3.5164,0,3.58182,3.13673,0.346064,3.72797,3.23425,0.406283
157,1.57,3.53694,3.53413,0,3.5642,3.14855,0.350302,3.71242,3.24801,0.411368
158,1.58,3.51923,3.55177,0,3.54649,3.16022,0.354563,3.6968,3.26165,0.416484
159,1.59,3.50142,3.56932,0,3.52868,3.17174,0.358844,3.6811,3.27517,0.421625
160,1.6,3.48353,3.58678,0,3.51079,3.18312,0.36315,3.50707,3.47509,0.256314
161,1.61,3.46556,3.60415,0,3.4928,3.19435,0.367472,3.48816,3.49127,0.25942
162,1.62,3.44749,3.62144,0,3.47471,3.20543,0.371809,3.46914,3.50734,0.262536
163,1.63,3.42934,3.63863,0,3.45654,3.21634,0.376166,3.45002,3.5233,0.265668
164,1.64,3.41111,3.65573,0,3.4383,3.22711,0.380547,3.43079,3.53917,0.26882
165,1.65,3.39278,3.67274,0,3.41996,3.23772,0.384956,3.41145,3.55493,0.271995
166,1.66,3.37438,3.68966,0,3.40154,3.24818,0.389389,3.39199,3.57058,0.275189
167,1.67,3.35589,3.70648,0,3.38303,3.25847,0.393848,3.37243,3.58612,0.278404
168,1.68,3.33731,3.72322,0,3.36442,3.26861,0.39834,3.35275,3.60156,0.281648
169,1.69,3.31866,3.73986,0,3.34573,3.2786,0.402871,3.33295,3.6169,0.284926
170,1.7,3.29992,3.7564,0,3.32694,3.28844,0.407438,3.31303,3.63215,0.288236
171,1.71,3.28109,3.77285,0,3.30806,3.29812,0.412041,3.29298,3.64729,0.291575
172,1.72,3.26219,3.78921,0,3.28908,3.30765,0.41667,3.27282,3.66232,0.294936
173,1.73,3.2432,3.80548,0,3.27001,3.31701,0.421313,3.25255,3.67725,0.298307
174,1.74,3.22413,3.82164,0,3.25087,3.32622,0.42598,3.23217,3.69207,0.301697
175,1.75,3.20498,3.83772,0,3.23166,3.33529,0.430675,3.2117,3.70681,0.30511
176,1.76,3.18576,3.85369,0,3.21237,3.3442,0.435385,3.19112,3.72143,0.308535
177,1.77,3.16645,3.86957,0,3.19301,3.35294,0.44011,3.17044,3.73594,0.311969
178,1.78,3.14706,3.88536,0,3.17355,3.36151,0.444852,3.14964,3.75034,0.315418
179,1.79,3.12759,3.90105,0,3.15403,3.36992,0.449611,3.12874,3.76462,0.318878
180,1.8,3.10805,3.91663,0,3.13442,3.37816,0.454386,2.89022,3.93435,0.206885
181,1.81,3.08843,3.93213,0,3.11474,3.38623,0.459188,2.86533,3.95057,0.209038
182,1.82,3.06873,3.94752,0,3.09499,3.39413,0.46403,2.84029,3.96669,0.211216
183,1.83,3.04895,3.96281,0,3.07515,3.40185,0.468894,2.8151,3.98271,0.213405
184,1.84,3.0291,3.97801,0,3.05523,3.40942,0.473769,2.78976,3.99863,0.215588
185,1.85,3.00917,3.9931,0,3.03525,3.41681,0.478664,2.76427,4.01445,0.21778
186,1.86,2.98917,4.0081,0,3.0152,3.42404,0.483584,2.73865,4.03017,0.219983
187,1.87,2.96909,4.023,0,2.99508,3.4311,0.488514,2.71289,4.04578,0.222183
188,1.88,2.94894,4.03779,0,2.97489,3.43799,0.493457,2.68698,4.0613,0.224383
189,1.89,2.92871,4.05248,0,2.95463,3.44471,0.498426,2.66093,4.07672,0.226595
190,1.9,2.90842,4.06708,0,2.9343,3.45127,0.503409,2.63473,4.09204,0.228808
191,1.91,2.88804,4.08157,0,2.91388,3.45766,0.508406,2.60838,4.10726,0.231019
192,1.92,2.8676,4.09596,0,2.89339,3.46388,0.513416,2.58187,4.12239,0.23323
193,1.93,2.84708,4.11024,0,2.87285,3.46992,0.518443,2.55523,4.1374,0.235446
194,1.94,2.8265,4.12443,0,2.85225,3.47579,0.523497,2.52846,4.15231,0.237677
195,1.95,2.80584,4.13851,0,2.83158,3.4815,0.528566,2.50154,4.16711,0.239908
196,1.96,2.78511,4.15249,0,2.81085,3.48702,0.533655,2.47448,4.18182,0.242146
197,1.97,2.76432,4.16636,0,2.79006,3.49238,0.538773,2.44728,4.19642,0.244402
198,1.98,2.74345,4.18013,0,2.7692,3.49756,0.543914,2.41994,4.21091,0.246665
199,1.99,2.72251,4.19379,0,2.74827,3.50258,0.549084,2.39244,4.22531,0.248944
200,2,2.70151,4.20735,0,2.72727,3.50743,0.554286,2.45985,4.54789,0.0527797
201,2.01,2.68044,4.22081,0,2.70619,3.51211,0.559509,2.433,4.5669,0.0532499
202,2.02,2.6593,4.23416,0,2.68505,3.51661,0.564768,2.40601,4.58585,0.0537348
203,2.03,2.6381,4.2474,0,2.66384,3.52094,0.570065,2.37887,4.60475,0.0542369
204,2.04,2.61683,4.26054,0,2.64257,3.52509,0.575389,2.35158,4.62359,0.0547455
205,2.05,2.59549,4.27357,0,2.62124,3.52907,0.580738,2.32414,4.64237,0.0552584
206,2.06,2.57409,4.28649,0,2.59985,3.53287,0.586104,2.29657,4.66108,0.0557693
207,2.07,2.55263,4.29931,0,2.5784,3.53649,0.591478,2.26885,4.67973,0.0562679
208,2.08,2.5311,4.31202,0,2.55688,3.53992,0.596867,2.24097,4.69832,0.0567605
209,2.09,2.50951,4.32462,0,2.53529,3.5432,0.602276,2.21295,4.71686,0.0572514
210,2.1,2.48786,4.33712,0,2.51365,3.5463,0.607709,2.18477,4.73534,0.0577456
211,2.11,2.46614,4.3495,0,2.49193,3.54922,0.613168,2.15645,4.75376,0.058245
212,2.12,2.44436,4.36178,0,2.47016,3.55198,0.618648,2.12797,4.77214,0.0587435
213,2.13,2.42252,4.37394,0,2.44833,3.55455,0.624138,2.09935,4.79044,0.0592319
214,2.14,2.40062,4.386,0,2.42645,3.55694,0.629633,2.07059,4.80868,0.0597062
215,2.15,2.37866,4.39795,0,2.40452,3.55914,0.635145,2.04169,4.82686,0.060179
216,2.16,2.35664,4.40979,0,2.38253,3.56116,0.640679,2.01264,4.84496,0.0606533
217,2.17,2.33456,4.42152,0,2.36048,3.56299,0.646221,1.98344,4.86299,0.0611167
218,2.18,2.31243,4.43313,0,2.33836,3.56463,0.651763,1.95408,4.88095,0.0615598
219,2.19,2.29023,4.44464,0,2.31619,3.56608,0.657314,1.92457,4.89884,0.061991
220,2.2,2.26798,4.45604,0,2.29396,3.56736,0.662881,2.00847,4.76167,0.0272843
221,2.21,2.24567,4.46732,0,2.2717,3.56845,0.668468,1.9806,4.7772,0.0274222
222,2.22,2.22331,4.47849,0,2.24939,3.56935,0.674079,1.9526,4.79265,0.0275649
223,2.23,2.20089,4.48955,0,2.22702,3.57006,0.679704,1.92448,4.808,0.0277034
224,2.24,2.17841,4.5005,0,2.20461,3.57058,0.685348,1.89624,4.82326,0.0278422
225,2.25,2.15588,4.51134,0,2.18217,3.5709,0.691012,1.86789,4.83843,0.0279845
226,2.26,2.1333,4.52206,0,2.15969,3.57103,0.696697,1.83941,4.85352,0.0281275
227,2.27,2.11066,4.53267,0,2.13714,3.57097,0.702406,1.8108,4.86851,0.0282762
228,2.28,2.08797,4.54317,0,2.11453,3.5707,0.708129,1.78206,4.8834,0.0284196
229,2.29,2.06523,4.55355,0,2.09187,3.57024,0.713875,1.75318,4.89819,0.0285684
230,2.3,2.04244,4.56382,0,2.06916,3.56958,0.719646,1.72417,4.9129,0.0287216
231,2.31,2.01959,4.57397,0,2.04639,3.56873,0.725431,1.69503,4.92751,0.0288705
232,2.32,1.9967,4.58402,0,2.02358,3.56769,0.731245,1.66575,4.94204,0.0290285
233,2.33,1.97375,4.59394,0,2.00071,3.56647,0.737085,1.63636,4.95649,0.0291921
234,2.34,1.95076,4.60375,0,1.9778,3.56506,0.742943,1.60683,4.97085,0.0293552
235,2.35,1.92772,4.61345,0,1.95483,3.56345,0.748807,1.57716,4.98512,0.0295052
236,2.36,1.90462,4.62303,0,1.93182,3.56165,0.754667,1.54738,4.9993,0.0296307
237,2.37,1.88149,4.6325,0,1.90876,3.55966,0.760531,1.51746,5.01339,0.0297422
238,2.38,1.8583,4.64184,0,1.88565,3.55747,0.766408,1.4874,5.02738,0.029848
239,2.39,1.83507,4.65108,0,1.8625,3.55508,0.772298,1.45723,5.04128,0.0299486
240,2.4,1.81179,4.6602,0,1.83931,3.5525,0.778206,1.65883,4.61115,-0.149594
241,2.41,1.78847,4.6692,0,1.81607,3.54971,0.784132,1.63235,4.61838,-0.151063
242,2.42,1.7651,4.67808,0,1.79278,3.54672,0.790075,1.60577,4.62545,-0.15254
243,2.43,1.74168,4.68685,0,1.76943,3.54353,0.79604,1.5791,4.63239,-0.15402
244,2.44,1.71823,4.6955,0,1.74605,3.54015,0.80203,1.55236,4.63918,-0.155502
245,2.45,1.69473,4.70403,0,1.72264,3.53657,0.80804,1.52555,4.64582,-0.156988
246,2.46,1.67119,4.71244,0,1.69919,3.5328,0.814072,1.49866,4.65233,-0.158477
247,2.47,1.64761,4.72074,0,1.67571,3.52882,0.82012,1.47168,4.65869,-0.159976
248,2.48,1.62398,4.72892,0,1.65219,3.52464,0.826181,1.44464,4.66489,-0.161486
249,2.49,1.60032,4.73698,0,1.62863,3.52026,0.832265,1.41751,4.67095,-0.162999
250,2.5,1.57661,4.74492,0,1.60504,3.5157,0.838374,1.39031,4.67687,-0.164512
251,2.51,1.55287,4.75275,0,1.58141,3.51092,0.844506,1.36303,4.68263,-0.166027
252,2.52,1.52908,4.76045,0,1.55775,3.50593,0.850656,1.33568,4.68823,-0.167548
253,2.53,1.50526,4.76804,0,1.53407,3.50074,0.856819,1.30827,4.69368,-0.169081
254,2.54,1.4814,4.7755,0,1.51037,3.49536,0.862997,1.28079,4.699,-0.170623
255,2.55,1.45751,4.78285,0,1.48665,3.4898,0.869201,1.25324,4.70418,-0.172165
256,2.56,1.43358,4.79008,0,1.46289,3.48404,0.875425,1.22562,4.70922,-0.173713
257,2.57,1.40961,4.79719,0,1.43911,3.47808,0.881661,1.19793,4.71411,-0.175274
258,2.58,1.3856,4.80418,0,1.41531,3.47192,0.887917,1.17017,4.71886,-0.176839
259,2.59,1.36157,4.81104,0,1.39148,3.46558,0.894194,1.14234,4.72347,-0.178408
260,2.6,1.33749,4.81779,0,1.36763,3.45903,0.900485,0.958636,4.74385,-0.0896539
261,2.61,1.31339,4.82442,0,1.34377,3.45227,0.906783,0.928424,4.74825,-0.0905983
262,2.62,1.28925,4.83092,0,1.31989,3.44529,0.913089,0.898135,4.75249,-0.0915581
263,2.63,1.26508,4.83731,0,1.29601,3.43812,0.919396,0.867768,4.75658,-0.0925395
264,2.64,1.24088,4.84358,0,1.2721,3.43073,0.925715,0.837321,4.7605,-0.093532
265,2.65,1.21664,4.84972,0,1.24818,3.42314,0.932054,0.806789,4.76428,-0.0945278
266,2.66,1.19238,4.85574,0,1.22424,3.41535,0.938409,0.776173,4.76789,-0.0955301
267,2.67,1.16809,4.86164,0,1.20029,3.40734,0.944778,0.745484,4.77134,-0.0965422
268,2.68,1.14376,4.86742,0,1.17632,3.39913,0.951157,0.714711,4.77464,-0.0975661
269,2.69,1.11941,4.87308,0,1.15233,3.3907,0.957556,0.683848,4.77776,-0.0985945
270,2.7,1.09503,4.87862,0,1.12832,3.38207,0.963968,0.652898,4.78073,-0.0996322
271,2.71,1.07063,4.88403,0,1.10429,3.37323,0.970394,0.621865,4.78355,-0.10068
272,2.72,1.04619,4.88932,0,1.08026,3.3642,0.976839,0.590759,4.78621,-0.101732
273,2.73,1.02173,4.89449,0,1.05622,3.35496,0.983298,0.559578,4.78872,-0.102792
274,2.74,0.997249,4.89954,0,1.03217,3.34553,0.989777,0.528321,4.79108,-0.103856
275,2.75,0.972739,4.90447,0,1.00812,3.33588,0.996267,0.496996,4.79328,-0.104931
276,2.76,0.948204,4.90927,0,0.984068,3.32603,1.00276,0.465601,4.79532,-0.106029
277,2.77,0.923646,4.91395,0,0.960004,3.31596,1.00926,0.434125,4.7972,-0.107136
278,2.78,0.899065,4.9185,0,0.935932,3.3057,1.01578,0.402572,4.79892,-0.108248
279,2.79,0.874461,4.92294,0,0.91186,3.29524,1.02231,0.370949,4.80049,-0.109372
280,2.8,0.849836,4.92725,0,0.887791,3.28457,1.02886,0.42552,4.67862,-0.22239
281,2.81,0.825189,4.93144,0,0.863728,3.27369,1.03543,0.395118,4.67809,-0.224464
282,2.82,0.800522,4.9355,0,0.839668,3.26259,1.04201,0.364661,4.67738,-0.226547
283,2.83,0.775834,4.93944,0,0.815604,3.25128,1.04861,0.334143,4.67649,-0.22864
284,2.84,0.751127,4.94326,0,0.791534,3.23976,1.05523,0.303563,4.67542,-0.23074
285,2.85,0.726402,4.94695,0,0.767459,3.22802,1.06187,0.27292,4.67418,-0.232845
286,2.86,0.701658,4.95052,0,0.743383,3.21607,1.06853,0.242218,4.67275,-0.234962
287,2.87,0.676897,4.95397,0,0.719306,3.20391,1.07521,0.211458,4.67114,-0.237087
288,2.88,0.652119,4.95729,0,0.695235,3.19153,1.0819,0.180645,4.66935,-0.239219
289,2.89,0.627324,4.96049,0,0.671173,3.17894,1.08861,0.149784,4.66739,-0.24137
290,2.9,0.602514,4.96356,0,0.647115,3.16615,1.09532,0.118869,4.66526,-0.243537
291,2.91,0.577689,4.96652,0,0.623069,3.15316,1.10205,0.087907,4.66296,-0.24571
292,2.92,0.552849,4.96934,0,0.599035,3.13996,1.1088,0.0568984,4.66048,-0.247893
293,2.93,0.527995,4.97204,0,0.57501,3.12654,1.11556,0.0258406,4.65781,-0.250098
294,2.94,0.503129,4.97462,0,0.551,3.1129,1.12232,-0.00526178,4.65496,-0.252325
295,2.95,0.478249,4.97708,0,0.527004,3.09907,1.12909,-0.0364089,4.65195,-0.254566
296,2.96,0.453358,4.9794,0,0.503021,3.08503,1.13587,-0.0676017,4.64876,-0.256822
297,2.97,0.428456,4.98161,0,0.479055,3.07078,1.14267,-0.0988383,4.6454,-0.259087
298,2.98,0.403542,4.98369,0,0.455105,3.05633,1.1495,-0.130119,4.64187,-0.261355
299,2.99,0.378619,4.98564,0,0.431175,3.04166,1.15634,-0.16144,4.63815,-0.26363
300,3,0.353686,4.98747,0,0.407255,3.02677,1.1632,-0.0999514,4.81591,0.033837
301,3.01,0.328744,4.98918,0,0.383343,3.01167,1.17009,-0.130074,4.81475,0.034189
302,3.02,0.303794,4.99076,0,0.359455,2.99636,1.17699,-0.160228,4.81345,0.0345469
303,3.03,0.278837,4.99222,0,0.335586,2.98085,1.18392,-0.190418,4.812,0.0349096
304,3.04,0.253872,4.99355,0,0.311733,2.96512,1.19086,-0.220647,4.8104,0.0352749
305,3.05,0.228902,4.99476,0,0.287892,2.94917,1.19782,-0.25092,4.80863,0.0356464
306,3.06,0.203925,4.99584,0,0.264062,2.93303,1.2048,-0.281236,4.80673,0.0360183
307,3.07,0.178943,4.9968,0,0.240244,2.91667,1.2118,-0.311596,4.80467,0.036397
308,3.08,0.153957,4.99763,0,0.216428,2.90009,1.21883,-0.342012,4.80245,0.0367852
309,3.09,0.128967,4.99834,0,0.192614,2.8833,1.22587,-0.372482,4.80007,0.0371705
310,3.1,0.103974,4.99892,0,0.168815,2.8663,1.23292,-0.402992,4.79754,0.0375573
311,3.11,0.0789783,4.99938,0,0.145042,2.84907,1.24,-0.433535,4.79485,0.0379507
312,3.12,0.0539806,4.99971,0,0.121288,2.83163,1.24709,-0.464115,4.792,0.0383476
313,3.13,0.0289815,4.99992,0,0.0975544,2.81398,1.2542,-0.494732,4.789,0.0387385
314,3.14,0.00398163,5,0,0.0738475,2.79612,1.2613,-0.525379,4.78584,0.0391162
315,3.15,-0.0210183,4.99996,0,0.0501602,2.77805,1.26841,-0.556064,4.78253,0.0394873
316,3.16,-0.0460177,4.99979,0,0.0264882,2.75975,1.27554,-0.586792,4.77905,0.0398591
317,3.17,-0.071016,4.9995,0,0.00283884,2.74124,1.28268,-0.617556,4.77541,0.0402321
318,3.18,-0.0960125,4.99908,0,-0.0207763,2.72251,1.28984,-0.648344,4.77163,0.0406056
319,3.19,-0.121007,4.99854,0,-0.0443431,2.70358,1.29702,-0.679143,4.76768,0.0409793
320,3.2,-0.145998,4.99787,0,-0.0678674,2.68442,1.3042,-0.586903,5.09428,0.117614
321,3.21,-0.170985,4.99708,0,-0.0913672,2.66504,1.3114,-0.61639,5.0949,0.118955
322,3.22,-0.195968,4.99616,0,-0.114837,2.64544,1.31862,-0.645904,5.09539,0.120305
323,3.23,-0.220946,4.99512,0,-0.138274,2.62562,1.32585,-0.675443,5.09576,0.121665
324,3.24,-0.245919,4.99395,0,-0.16168,2.60559,1.33311,-0.705009,5.09601,0.123039
325,3.25,-0.270886,4.99266,0,-0.185051,2.58534,1.34038,-0.7346,5.09615,0.124428
326,3.26,-0.295845,4.99124,0,-0.208395,2.56487,1.34768,-0.764223,5.09617,0.125823
327,3.27,-0.320798,4.9897,0,-0.231708,2.54419,1.35498,-0.793874,5.09607,0.127224
328,3.28,-0.345742,4.98803,0,-0.254988,2.52331,1.36232,-0.823551,5.09587,0.128641
329,3.29,-0.370678,4.98624,0,-0.27824,2.50223,1.36967,-0.853262,5.09557,0.130071
330,3.3,-0.395604,4.98433,0,-0.301464,2.48093,1.37703,-0.883004,5.09515,0.1315
331,3.31,-0.420521,4.98228,0,-0.324656,2.45942,1.3844,-0.912775,5.0946,0.13293
332,3.32,-0.445427,4.98012,0,-0.347809,2.43769,1.39179,-0.942567,5.09395,0.134367
333,3.33,-0.470322,4.97783,0,-0.37092,2.41576,1.3992,-0.972379,5.09319,0.135818
334,3.34,-0.495205,4.97542,0,-0.393988,2.39363,1.40663,-1.00221,5.09233,0.137279
335,3.35,-0.520076,4.97288,0,-0.417014,2.37131,1.41408,-1.03206,5.09137,0.138756
336,3.36,-0.544934,4.97022,0,-0.440002,2.34877,1.42155,-1.06194,5.0903,0.140236
337,3.37,-0.569778,4.96743,0,-0.462954,2.32603,1.42902,-1.09184,5.08911,0.141721
338,3.38,-0.594608,4.96452,0,-0.485864,2.30307,1.43652,-1.12177,5.08782,0.143221
339,3.39,-0.619423,4.96148,0,-0.508728,2.27991,1.44405,-1.15171,5.08642,0.144734
340,3.4,-0.644222,4.95832,0,-0.531552,2.25656,1.45159,-0.794728,4.99285,0.238284
341,3.41,-0.669006,4.95504,0,-0.554326,2.233,1.45914,-0.819126,4.99049,0.240657
342,3.42,-0.693773,4.95163,0,-0.577056,2.20923,1.46671,-0.843501,4.98802,0.243044
343,3.43,-0.718522,4.9481,0,-0.599744,2.18525,1.4743,-0.867857,4.98545,0.245447
344,3.44,-0.743254,4.94445,0,-0.622385,2.16105,1.4819,-0.892187,4.98276,0.247863
345,3.45,-0.767966,4.94067,0,-0.644974,2.13664,1.48953,-0.916489,4.97997,0.250288
346,3.46,-0.79266,4.93677,0,-0.66751,2.11202,1.49717,-0.940759,4.97707,0.252724
347,3.47,-0.817334,4.93274,0,-0.689997,2.08719,1.50481,-0.965004,4.97406,0.255161
348,3.48,-0.841987,4.9286,0,-0.712431,2.06215,1.51247,-0.989219,4.97095,0.257598
349,3.49,-0.86662,4.92432,0,-0.734814,2.03692,1.52013,-1.01341,4.96774,0.260041
350,3.5,-0.89123,4.91993,0,-0.75715,2.0115,1.52781,-1.03757,4.96445,0.262489
351,3.51,-0.915819,4.91541,0,-0.779437,1.98588,1.5355,-1.06171,4.96107,0.26494
352,3.52,-0.940384,4.91077,0,-0.801672,1.96006,1.5432,-1.08582,4.95759,0.267396
353,3.53,-0.964926,4.90601,0,-0.823856,1.93402,1.55092,-1.10991,4.954,0.269869
354,3.54,-0.989444,4.90112,0,-0.84598,1.90778,1.55866,-1.13395,4.9503,0.272352
355,3.55,-1.01394,4.89611,0,-0.868036,1.88131,1.5664,-1.15796,4.9465,0.274839
356,3.56,-1.03841,4.89098,0,-0.890041,1.85464,1.57417,-1.18194,4.94258,0.277339
357,3.57,-1.06285,4.88573,0,-0.912003,1.82777,1.58196,-1.20591,4.93858,0.279856
358,3.58,-1.08726,4.88035,0,-0.933909,1.80069,1.58976,-1.22984,4.93447,0.282386
359,3.59,-1.11165,4.87486,0,-0.955752,1.7734,1.59759,-1.25374,4.93026,0.284937
360,3.6,-1.13601,4.86924,0,-0.977535,1.74591,1.60546,-1.21897,4.98084,0.285274
361,3.61,-1.16034,4.8635,0,-0.999257,1.71821,1.61334,-1.24207,4.97724,0.287908
362,3.62,-1.18465,4.85763,0,-1.02091,1.69031,1.62124,-1.26512,4.97356,0.290553
363,3.63,-1.20892,4.85165,0,-1.04249,1.6622,1.62916,-1.28812,4.96978,0.293213
364,3.64,-1.23316,4.84555,0,-1.064,1.63389,1.63709,-1.31109,4.96591,0.295884
365,3.65,-1.25737,4.83932,0,-1.08546,1.60536,1.64505,-1.33401,4.96195,0.298575
366,3.66,-1.28155,4.83297,0,-1.10685,1.57664,1.65303,-1.3569,4.9579,0.301281
367,3.67,-1.3057,4.8265,0,-1.12817,1.54772,1.66102,-1.37974,4.95377,0.30399
368,3.68,-1.32982,4.81991,0,-1.14941,1.51859,1.66901,-1.40253,4.94954,0.306698
369,3.69,-1.3539,4.81321,0,-1.17059,1.48926,1.67702,-1.42527,4.94522,0.309419
370,3.7,-1.37795,4.80638,0,-1.19169,1.45972,1.68505,-1.44797,4.94081,0.312161
371,3.71,-1.40197,4.79943,0,-1.21271,1.42997,1.69311,-1.47062,4.9363,0.314923
372,3.72,-1.42595,4.79236,0,-1.23366,1.40001,1.70121,-1.49322,4.9317,0.317718
373,3.73,-1.44989,4.78517,0,-1.25454,1.36985,1.70934,-1.51577,4.92702,0.320537
374,3.74,-1.4738,4.77786,0,-1.27534,1.33948,1.71747,-1.53827,4.92224,0.323357
375,3.75,-1.49767,4.77043,0,-1.29608,1.30891,1.7256,-1.56074,4.91737,0.326178
376,3.76,-1.5215,4.76288,0,-1.31675,1.27813,1.73374,-1.58316,4.9124,0.328997
377,3.77,-1.5453,4.75521,0,-1.33733,1.24715,1.74188,-1.60553,4.90735,0.331812
378,3.78,-1.56905,4.74743,0,-1.35784,1.21597,1.75004,-1.62785,4.90222,0.334634
379,3.79,-1.59277,4.73952,0,-1.37827,1.1846,1.75821,-1.65012,4.89701,0.337467
380,3.8,-1.61645,4.7315,0,-1.39863,1.15302,1.76639,-1.51393,4.69529,0.277235
381,3.81,-1.64009,4.72336,0,-1.41889,1.12124,1.7746,-1.53374,4.68743,0.279513
382,3.82,-1.66368,4.7151,0,-1.43906,1.08925,1.78281,-1.55348,4.67946,0.281798
383,3.83,-1.68724,4.70672,0,-1.45914,1.05705,1.79105,-1.57313,4.67139,0.284096
384,3.84,-1.71075,4.69823,0,-1.47913,1.02464,1.79931,-1.5927,4.66322,0.28641
385,3.85,-1.73422,4.68961,0,-1.49902,0.992021,1.80759,-1.61219,4.65493,0.288738
386,3.86,-1.75764,4.68089,0,-1.51884,0.959196,1.81588,-1.6316,4.64655,0.291067
387,3.87,-1.78103,4.67204,0,-1.53857,0.926171,1.82418,-1.65094,4.63806,0.293399
388,3.88,-1.80436,4.66308,0,-1.55821,0.892947,1.83249,-1.6702,4.62949,0.29574
389,3.89,-1.82766,4.65399,0,-1.57776,0.859501,1.84083,-1.68938,4.62079,0.298097
390,3.9,-1.8509,4.6448,0,-1.59721,0.825834,1.8492,-1.70848,4.61198,0.300474
391,3.91,-1.8741,4.63549,0,-1.6166,0.791966,1.85757,-1.72751,4.60307,0.302857
392,3.92,-1.89726,4.62606,0,-1.63591,0.757904,1.86596,-1.74649,4.59407,0.305241
393,3.93,-1.92037,4.61651,0,-1.65513,0.723645,1.87437,-1.76538,4.58498,0.307639
394,3.94,-1.94342,4.60685,0,-1.67426,0.689189,1.88279,-1.7842,4.57579,0.310048
395,3.95,-1.96643,4.59708,0,-1.69329,0.654537,1.89123,-1.80292,4.56651,0.312458
396,3.96,-1.98939,4.58719,0,-1.71222,0.619688,1.89968,-1.82157,4.55714,0.314871
397,3.97,-2.01231,4.57719,0,-1.73106,0.584643,1.90814,-1.84013,4.54768,0.317288
398,3.98,-2.03517,4.56707,0,-1.7498,0.549401,1.91661,-1.85861,4.53813,0.319714
399,3.99,-2.05798,4.55683,0,-1.76845,0.513955,1.9251,-1.877,4.52847,0.322142
400,4,-2.08073,4.54649,0,-1.78699,0.478306,1.9336,-2.11789,4.50474,0.24546
401,4.01,-2.10344,4.53603,0,-1.80544,0.442465,1.94213,-2.13902,4.49438,0.247312
402,4.02,-2.12609,4.52545,0,-1.82379,0.406421,1.95069,-2.16009,4.48392,0.24919
403,4.03,-2.14869,4.51477,0,-1.84205,0.370177,1.95929,-2.1811,4.47336,0.251089
404,4.04,-2.17124,4.50397,0,-1.86022,0.33374,1.9679,-2.20205,4.4627,0.252993
405,4.05,-2.19373,4.49305,0,-1.8783,0.297118,1.97652,-2.22294,4.45195,0.254901
406,4.06,-2.21617,4.48203,0,-1.89627,0.260306,1.98516,-2.24376,4.44111,0.256816
407,4.07,-2.23855,4.47089,0,-1.91415,0.223294,1.99382,-2.26452,4.43016,0.258741
408,4.08,-2.26088,4.45964,0,-1.93194,0.186084,2.0025,-2.28521,4.41912,0.260688
409,4.09,-2.28315,4.44828,0,-1.94962,0.148671,2.0112,-2.30584,4.40796,0.262639
410,4.1,-2.30536,4.43681,0,-1.96719,0.111068,2.01991,-2.32639,4.39672,0.264588
411,4.11,-2.32752,4.42523,0,-1.98465,0.0732747,2.02862,-2.34686,4.38538,0.266537
412,4.12,-2.34962,4.41354,0,-2.00201,0.0352789,2.03734,-2.36727,4.37393,0.268485
413,4.13,-2.37165,4.40173,0,-2.01927,-0.00291035,2.04607,-2.38761,4.36238,0.270439
414,4.14,-2.39363,4.38982,0,-2.03641,-0.0412969,2.05482,-2.40787,4.35074,0.272396
415,4.15,-2.41555,4.3778,0,-2.05344,-0.0798859,2.06357,-2.42804,4.33898,0.274359
416,4.16,-2.43741,4.36566,0,-2.07035,-0.118674,2.07236,-2.44814,4.32713,0.276339
417,4.17,-2.45921,4.35342,0,-2.08716,-0.157654,2.08116,-2.46816,4.31518,0.278333
418,4.18,-2.48094,4.34107,0,-2.10384,-0.196816,2.08999,-2.48811,4.30315,0.280342
419,4.19,-2.50262,4.32861,0,-2.12041,-0.236168,2.09883,-2.50797,4.29102,0.282364
420,4.2,-2.52423,4.31605,0,-2.13686,-0.275725,2.1077,-2.51114,4.44921,0.317789
421,4.21,-2.54578,4.30337,0,-2.15319,-0.315476,2.11657,-2.53082,4.43908,0.32017
422,4.22,-2.56726,4.29059,0,-2.16941,-0.355409,2.12545,-2.55043,4.42888,0.322559
423,4.23,-2.58868,4.2777,0,-2.18552,-0.395531,2.13434,-2.56996,4.41861,0.324952
424,4.24,-2.61004,4.2647,0,-2.20152,-0.435841,2.14324,-2.58942,4.40825,0.327339
425,4.25,-2.63133,4.2516,0,-2.2174,-0.476334,2.15214,-2.60881,4.39782,0.329725
426,4.26,-2.65256,4.23839,0,-2.23317,-0.51702,2.16104,-2.62813,4.3873,0.332109
427,4.27,-2.67372,4.22507,0,-2.24883,-0.557901,2.16996,-2.64738,4.37671,0.334498
428,4.28,-2.69481,4.21165,0,-2.26437,-0.598974,2.17889,-2.66655,4.36603,0.336898
429,4.29,-2.71583,4.19813,0,-2.27979,-0.640236,2.18783,-2.68565,4.35527,0.339306
430,4.3,-2.73679,4.18449,0,-2.2951,-0.681678,2.1968,-2.70467,4.34444,0.341724
431,4.31,-2.75768,4.17076,0,-2.31029,-0.723308,2.20578,-2.72361,4.33354,0.344154
432,4.32,-2.7785,4.15692,0,-2.32536,-0.765131,2.21478,-2.74248,4.32256,0.3466
433,4.33,-2.79925,4.14297,0,-2.3403,-0.807139,2.22379,-2.76127,4.3115,0.349045
434,4.34,-2.81993,4.12892,0,-2.35512,-0.849335,2.2328,-2.77997,4.30036,0.351485
435,4.35,-2.84053,4.11477,0,-2.36982,-0.891722,2.24182,-2.7986,4.28914,0.353933
436,4.36,-2.86107,4.10052,0,-2.38438,-0.934289,2.25085,-2.81714,4.27786,0.356382
437,4.37,-2.88154,4.08616,0,-2.39882,-0.977035,2.25988,-2.8356,4.2665,0.358828
438,4.38,-2.90193,4.0717,0,-2.41312,-1.01996,2.26893,-2.85396,4.25507,0.361286
439,4.39,-2.92226,4.05714,0,-2.42728,-1.06307,2.27801,-2.87223,4.24358,0.363758
440,4.4,-2.94251,4.04248,0,-2.44132,-1.10634,2.2871,-2.75416,4.10456,0.362902
441,4.41,-2.96268,4.02772,0,-2.45523,-1.14977,2.2962,-2.77044,4.09155,0.365277
442,4.42,-2.98278,4.01286,0,-2.46902,-1.19337,2.30532,-2.78662,4.07847,0.367657
443,4.43,-3.00281,3.99789,0,-2.48267,-1.23715,2.31446,-2.8027,4.06532,0.370048
444,4.44,-3.02276,3.98283,0,-2.49618,-1.28112,2.32363,-2.81868,4.0521,0.372458
445,4.45,-3.04264,3.96766,0,-2.50956,-1.32526,2.33282,-2.83455,4.03879,0.374888
446,4.46,-3.06244,3.9524,0,-2.5228,-1.36959,2.34204,-2.85031,4.02542,0.37733
447,4.47,-3.08216,3.93704,0,-2.53591,-1.4141,2.35126,-2.86599,4.01196,0.379778
448,4.48,-3.10181,3.92158,0,-2.5489,-1.45878,2.36049,-2.88157,3.99844,0.382221
449,4.49,-3.12138,3.90602,0,-2.56176,-1.50364,2.36972,-2.89706,3.98485,0.384662
450,4.5,-3.14087,3.89037,0,-2.57448,-1.54868,2.37897,-2.91244,3.97118,0.387108
451,4.51,-3.16028,3.87461,0,-2.58705,-1.5939,2.38823,-2.92772,3.95743,0.389563
452,4.52,-3.17961,3.85876,0,-2.59949,-1.6393,2.39751,-2.94289,3.94362,0.392021
453,4.53,-3.19887,3.84282,0,-2.61178,-1.68486,2.40679,-2.95795,3.92974,0.39448
454,4.54,-3.21804,3.82677,0,-2.62392,-1.73059,2.41609,-2.9729,3.9158,0.396945
455,4.55,-3.23714,3.81064,0,-2.63594,-1.77649,2.4254,-2.98775,3.9018,0.399417
456,4.56,-3.25615,3.7944,0,-2.64783,-1.82256,2.43473,-3.00252,3.88773,0.401898
457,4.57,-3.27508,3.77808,0,-2.65959,-1.8688,2.44408,-3.0172,3.8736,0.404387
458,4.58,-3.29393,3.76165,0,-2.67122,-1.91522,2.45343,-3.03177,3.8594,0.406879
459,4.59,-3.3127,3.74514,0,-2.6827,-1.96184,2.46281,-3.04624,3.8451,0.409385
460,4.6,-3.33138,3.72853,0,-2.69405,-2.00863,2.4722,-3.00989,4.02252,0.314804
461,4.61,-3.34998,3.71182,0,-2.70526,-2.0556,2.48161,-3.02376,4.01042,0.316702
462,4.62,-3.3685,3.69503,0,-2.71632,-2.10273,2.49103,-3.03752,3.99827,0.318611
463,4.63,-3.38693,3.67814,0,-2.72724,-2.15003,2.50047,-3.05117,3.98608,0.320527
464,4.64,-3.40528,3.66116,0,-2.73802,-2.19751,2.50993,-3.06472,3.97383,0.322451
465,4.65,-3.42354,3.64409,0,-2.74864,-2.24514,2.51941,-3.07816,3.96155,0.324391
466,4.66,-3.44172,3.62692,0,-2.75911,-2.29294,2.52891,-3.09148,3.94922,0.326335
467,4.67,-3.45981,3.60967,0,-2.76944,-2.3409,2.53842,-3.1047,3.93685,0.328285
468,4.68,-3.47782,3.59232,0,-2.77963,-2.38903,2.54794,-3.11783,3.92443,0.330241
469,4.69,-3.49573,3.57489,0,-2.78966,-2.43733,2.55748,-3.13084,3.91196,0.332201
470,4.7,-3.51357,3.55737,0,-2.79955,-2.48578,2.56703,-3.14375,3.89946,0.33416
471,4.71,-3.53131,3.53975,0,-2.80931,-2.5344,2.57658,-3.15657,3.88691,0.336119
472,4.72,-3.54896,3.52205,0,-2.81894,-2.58318,2.58616,-3.16929,3.87432,0.338084
473,4.73,-3.56653,3.50427,0,-2.82842,-2.6321,2.59573,-3.18192,3.8617,0.340042
474,4.74,-3.58401,3.48639,0,-2.83775,-2.68119,2.60531,-3.19443,3.84904,0.341992
475,4.75,-3.60139,3.46843,0,-2.84693,-2.73045,2.61489,-3.20684,3.83632,0.343945
476,4.76,-3.61869,3.45037,0,-2.85599,-2.77987,2.6245,-3.21917,3.82356,0.345903
477,4.77,-3.6359,3.43224,0,-2.86492,-2.82946,2.63413,-3.23142,3.81076,0.347879
478,4.78,-3.65301,3.41402,0,-2.8737,-2.87921,2.64377,-3.24356,3.79792,0.349862
479,4.79,-3.67004,3.39571,0,-2.88234,-2.92912,2.65342,-3.2556,3.78503,0.351839
480,4.8,-3.68697,3.37732,0,-2.89084,-2.97919,2.66308,-3.4242,3.7388,0.224553
481,4.81,-3.70381,3.35884,0,-2.89919,-3.0294,2.67275,-3.43785,3.7252,0.225619
482,4.82,-3.72056,3.34028,0,-2.90739,-3.07977,2.68243,-3.45141,3.71155,0.226676
483,4.83,-3.73721,3.32163,0,-2.91543,-3.13029,2.69211,-3.46486,3.69785,0.227731
484,4.84,-3.75377,3.30291,0,-2.92332,-3.18097,2.70181,-3.47821,3.68411,0.228794
485,4.85,-3.77024,3.2841,0,-2.93105,-3.2318,2.71152,-3.49145,3.67033,0.229862
486,4.86,-3.78661,3.2652,0,-2.93862,-3.28279,2.72125,-3.5046,3.65652,0.230929
487,4.87,-3.80289,3.24623,0,-2.94604,-3.33393,2.73099,-3.51765,3.64266,0.232002
488,4.88,-3.81908,3.22717,0,-2.95329,-3.38521,2.74075,-3.53058,3.62876,0.233083
489,4.89,-3.83516,3.20804,0,-2.96039,-3.43664,2.75053,-3.54342,3.61484,0.234173
490,4.9,-3.85116,3.18882,0,-2.96732,-3.48821,2.76032,-3.55615,3.60089,0.235268
491,4.91,-3.86705,3.16953,0,-2.97409,-3.53994,2.77012,-3.56877,3.58689,0.236356
492,4.92,-3.88285,3.15015,0,-2.98069,-3.59181,2.77993,-3.58128,3.57286,0.237441
493,4.93,-3.89855,3.1307,0,-2.98714,-3.64382,2.78974,-3.5937,3.5588,0.238523
494,4.94,-3.91416,3.11117,0,-2.99343,-3.69598,2.79958,-3.60602,3.54471,0.239616
495,4.95,-3.92967,3.09156,0,-2.99956,-3.74828,2.80944,-3.61823,3.53058,0.240723
496,4.96,-3.94507,3.07187,0,-3.00552,-3.80074,2.81931,-3.63033,3.51641,0.241826
497,4.97,-3.96038,3.05211,0,-3.01133,-3.85336,2.82918,-3.64233,3.5022,0.242923
498,4.98,-3.97559,3.03227,0,-3.01698,-3.90611,2.83907,-3.65424,3.48795,0.24402
499,4.99,-3.99071,3.01235,0,-3.02246,-3.95902,2.84896,-3.66603,3.47367,0.245119
500,5,-4.00572,2.99236,0,-3.02777,-4.01207,2.85888,-3.80375,3.25897,0.100996
501,5.01,-4.02063,2.97229,0,-3.03293,-4.06525,2.86881,-3.81656,3.24205,0.10102
502,5.02,-4.03544,2.95215,0,-3.03792,-4.11858,2.87874,-3.82926,3.22508,0.101035
503,5.03,-4.05015,2.93194,0,-3.04275,-4.17204,2.88869,-3.84187,3.20807,0.101043
504,5.04,-4.06476,2.91165,0,-3.04742,-4.22565,2.89865,-3.85438,3.19101,0.101055
505,5.05,-4.07927,2.89129,0,-3.05192,-4.27939,2.90862,-3.86678,3.1739,0.101067
506,5.06,-4.09367,2.87086,0,-3.05625,-4.33328,2.91861,-3.87908,3.15675,0.101077
507,5.07,-4.10798,2.85036,0,-3.06043,-4.3873,2.9286,-3.89129,3.13955,0.101087
508,5.08,-4.12218,2.82978,0,-3.06446,-4.44146,2.93862,-3.90341,3.12231,0.101099
509,5.09,-4.13627,2.80913,0,-3.0683,-4.49574,2.94865,-3.91541,3.10504,0.101118
510,5.1,-4.15027,2.78842,0,-3.07198,-4.55016,2.9587,-3.92731,3.08773,0.10114
511,5.11,-4.16416,2.76763,0,-3.07549,-4.60472,2.96875,-3.9391,3.07037,0.101149
512,5.12,-4.17794,2.74678,0,-3.07882,-4.65943,2.97881,-3.95079,3.05296,0.10115
513,5.13,-4.19163,2.72585,0,-3.08198,-4.71426,2.98887,-3.96236,3.03551,0.101145
514,5.14,-4.2052,2.70486,0,-3.08496,-4.76923,2.99894,-3.97381,3.01801,0.101137
515,5.15,-4.21867,2.6838,0,-3.08775,-4.82434,3.00903,-3.98515,3.00047,0.101131
516,5.16,-4.23204,2.66267,0,-3.09037,-4.8796,3.01913,-3.99637,2.98288,0.101131
517,5.17,-4.2453,2.64148,0,-3.09281,-4.93499,3.02924,-4.00749,2.96525,0.101132
518,5.18,-4.25845,2.62022,0,-3.09509,-4.99051,3.03937,-4.01851,2.94758,0.101129
519,5.19,-4.2715,2.5989,0,-3.09718,-5.04615,3.0495,-4.0294,2.92987,0.101122
520,5.2,-4.28444,2.57751,0,-3.09909,-5.10194,3.05965,-4.16105,2.82214,0.183358
521,5.21,-4.29728,2.55605,0,-3.10083,-5.15786,3.06982,-4.17304,2.8032,0.183965
522,5.22,-4.31,2.53453,0,-3.10239,-5.2139,3.08001,-4.18492,2.78423,0.184579
523,5.23,-4.32262,2.51295,0,-3.10377,-5.27008,3.09021,-4.19668,2.76522,0.185199
524,5.24,-4.33513,2.49131,0,-3.10496,-5.32639,3.10042,-4.20834,2.74615,0.185818
525,5.25,-4.34754,2.4696,0,-3.10597,-5.38282,3.11064,-4.21989,2.72704,0.186428
526,5.26,-4.35983,2.44783,0,-3.10681,-5.43938,3.12087,-4.23133,2.70789,0.187039
527,5.27,-4.37201,2.426,0,-3.10747,-5.49605,3.13112,-4.24268,2.68871,0.187662
528,5.28,-4.38409,2.40411,0,-3.10796,-5.55285,3.14139,-4.25392,2.66949,0.188286
529,5.29,-4.39606,2.38216,0,-3.10827,-5.60977,3.15167,-4.26507,2.65022,0.188907
530,5.3,-4.40791,2.36015,0,-3.1084,-5.66681,3.16196,-4.27611,2.63093,0.189533
531,5.31,-4.41966,2.33808,0,-3.10836,-5.72397,3.17228,-4.28704,2.61159,0.190167
532,5.32,-4.43129,2.31596,0,-3.10813,-5.78125,3.1826,-4.29787,2.59221,0.190799
533,5.33,-4.44282,2.29377,0,-3.10774,-5.83866,3.19293,-4.30861,2.57279,0.191423
534,5.34,-4.45423,2.27153,0,-3.10716,-5.89618,3.20327,-4.31924,2.55334,0.192043
535,5.35,-4.46553,2.24923,0,-3.10639,-5.95382,3.21361,-4.32975,2.53385,0.192661
536,5.36,-4.47672,2.22687,0,-3.10544,-6.01159,3.22397,-4.34014,2.51431,0.193281
537,5.37,-4.4878,2.20446,0,-3.1043,-6.06948,3.23435,-4.35043,2.49473,0.193905
538,5.38,-4.49877,2.182,0,-3.10298,-6.12748,3.24474,-4.36062,2.47512,0.194538
539,5.39,-4.50962,2.15947,0,-3.10149,-6.18561,3.25515,-4.37072,2.45547,0.195172
540,5.4,-4.52036,2.1369,0,-3.09983,-6.24385,3.26557,-4.58491,2.22825,0.0747638
541,5.41,-4.53099,2.11427,0,-3.09799,-6.30222,3.276,-4.59687,2.20588,0.0745385
542,5.42,-4.5415,2.09159,0,-3.09599,-6.3607,3.28646,-4.60874,2.18347,0.0743185
543,5.43,-4.5519,2.06886,0,-3.09381,-6.4193,3.29693,-4.62052,2.161,0.0740992
544,5.44,-4.56219,2.04607,0,-3.09146,-6.47801,3.30742,-4.63221,2.13848,0.0738854
545,5.45,-4.57237,2.02323,0,-3.08891,-6.53683,3.31792,-4.6438,2.11592,0.0736744
546,5.46,-4.58242,2.00035,0,-3.0862,-6.59577,3.32843,-4.65529,2.0933,0.0734518
547,5.47,-4.59237,1.97741,0,-3.08329,-6.65481,3.33895,-4.66668,2.07064,0.0732235
548,5.48,-4.6022,1.95442,0,-3.08018,-6.71396,3.34948,-4.67796,2.04793,0.0729979
549,5.49,-4.61191,1.93139,0,-3.07689,-6.77319,3.36002,-4.68913,2.02521,0.0727706
550,5.5,-4.62151,1.9083,0,-3.0734,-6.83252,3.37059,-4.70019,2.00244,0.0725501
551,5.51,-4.631,1.88517,0,-3.06974,-6.89195,3.38118,-4.71116,1.97964,0.0723386
552,5.52,-4.64036,1.862,0,-3.06589,-6.95148,3.39179,-4.72204,1.9568,0.0721367
553,5.53,-4.64962,1.83877,0,-3.06185,-7.01112,3.40242,-4.7328,1.93392,0.0719391
554,5.54,-4.65875,1.8155,0,-3.05762,-7.07085,3.41306,-4.74347,1.91099,0.0717385
555,5.55,-4.66777,1.79218,0,-3.0532,-7.1307,3.42372,-4.75403,1.88802,0.0715371
556,5.56,-4.67667,1.76882,0,-3.04859,-7.19066,3.43438,-4.76448,1.86499,0.0713315
557,5.57,-4.68546,1.74542,0,-3.0438,-7.25073,3.44506,-4.77484,1.84191,0.0711261
558,5.58,-4.69413,1.72197,0,-3.03882,-7.31091,3.45575,-4.7851,1.81878,0.0709212
559,5.59,-4.70268,1.69848,0,-3.03364,-7.3712,3.46645,-4.79524,1.7956,0.0707184
560,5.6,-4.71111,1.67494,0,-3.02827,-7.43157,3.47717,-4.82483,1.65748,-0.0671711
561,5.61,-4.71943,1.65136,0,-3.02272,-7.49202,3.4879,-4.83482,1.63287,-0.0683927
562,5.62,-4.72763,1.62775,0,-3.01699,-7.55257,3.49865,-4.84471,1.60821,-0.0696159
563,5.63,-4.7357,1.60409,0,-3.01106,-7.6132,3.50941,-4.8545,1.58352,-0.0708401
564,5.64,-4.74367,1.58039,0,-3.00496,-7.67393,3.52018,-4.86418,1.55878,-0.0720734
565,5.65,-4.75151,1.55665,0,-2.99867,-7.73474,3.53096,-4.87377,1.53401,-0.0733126
566,5.66,-4.75923,1.53287,0,-2.9922,-7.79563,3.54175,-4.88326,1.50921,-0.0745587
567,5.67,-4.76684,1.50906,0,-2.98554,-7.85661,3.55254,-4.89265,1.48437,-0.0758185
568,5.68,-4.77432,1.48521,0,-2.9787,-7.91769,3.56335,-4.90193,1.45948,-0.0770808
569,5.69,-4.78169,1.46132,0,-2.97164,-7.97886,3.57418,-4.91109,1.43455,-0.0783356
570,5.7,-4.78894,1.43739,0,-2.9644,-8.04011,3.58502,-4.92015,1.40958,-0.0795944
571,5.71,-4.79606,1.41343,0,-2.95696,-8.10145,3.59586,-4.9291,1.38457,-0.08087
572,5.72,-4.80307,1.38943,0,-2.94934,-8.16288,3.60671,-4.93794,1.35953,-0.0821556
573,5.73,-4.80996,1.3654,0,-2.94153,-8.22438,3.61758,-4.94669,1.33446,-0.0834396
574,5.74,-4.81672,1.34133,0,-2.93354,-8.28595,3.62847,-4.95534,1.30936,-0.0847165
575,5.75,-4.82337,1.31723,0,-2.92535,-8.34761,3.63938,-4.96387,1.28422,-0.0859926
576,5.76,-4.8299,1.2931,0,-2.91697,-8.40935,3.65031,-4.9723,1.25905,-0.0872703
577,5.77,-4.8363,1.26893,0,-2.9084,-8.47118,3.66126,-4.98064,1.23384,-0.0885418
578,5.78,-4.84259,1.24473,0,-2.89966,-8.53309,3.67223,-4.98888,1.2086,-0.0898046
579,5.79,-4.84875,1.22051,0,-2.89073,-8.59509,3.68322,-4.99702,1.18331,-0.0910658
580,5.8,-4.85479,1.19625,0,-2.8816,-8.65717,3.69423,-4.88775,1.13849,0.0117106
581,5.81,-4.86071,1.17196,0,-2.87228,-8.71932,3.70525,-4.89436,1.11302,0.0111309
582,5.82,-4.86651,1.14764,0,-2.86278,-8.78156,3.71629,-4.90086,1.08752,0.0105504
583,5.83,-4.87219,1.12329,0,-2.8531,-8.84387,3.72734,-4.90726,1.06198,0.00996819
584,5.84,-4.87774,1.09892,0,-2.84323,-8.90627,3.7384,-4.91357,1.03641,0.00937573
585,5.85,-4.88318,1.07452,0,-2.83319,-8.96875,3.74948,-4.91977,1.0108,0.00878242
586,5.86,-4.88849,1.05009,0,-2.82296,-9.03131,3.76057,-4.92586,0.985164,0.00819109
587,5.87,-4.89368,1.02563,0,-2.81253,-9.09394,3.77168,-4.93183,0.959494,0.00759297
588,5.88,-4.89874,1.00115,0,-2.80191,-9.15665,3.78279,-4.93769,0.933796,0.00698388
589,5.89,-4.90369,0.976644,0,-2.7911,-9.21943,3.7939,-4.94344,0.908066,0.00636046
590,5.9,-4.90851,0.952113,0,-2.78009,-9.28228,3.805,-4.94906,0.882305,0.00571872
591,5.91,-4.91321,0.927559,0,-2.76888,-9.3452,3.81612,-4.95457,0.85652,0.00507006
592,5.92,-4.91779,0.902981,0,-2.75749,-9.40819,3.82726,-4.95997,0.83071,0.00441925
593,5.93,-4.92224,0.878381,0,-2.7459,-9.47125,3.83839,-4.96526,0.804873,0.00375689
594,5.94,-4.92657,0.853759,0,-2.73412,-9.53437,3.84954,-4.97043,0.779014,0.00308245
595,5.95,-4.93078,0.829116,0,-2.72213,-9.59755,3.86069,-4.97547,0.753139,0.00240027
596,5.96,-4.93486,0.804452,0,-2.70993,-9.66079,3.87185,-4.98038,0.727239,0.0017189
597,5.97,-4.93882,0.779767,0,-2.69754,-9.72412,3.88304,-4.98518,0.701305,0.00104054
598,5.98,-4.94266,0.755064,0,-2.68496,-9.78751,3.89425,-4.98988,0.675337,0.000370381
599,5.99,-4.94637,0.730341,0,-2.67219,-9.85098,3.90549,-4.99446,0.649345,-0.000288709
600,6,-4.94996,0.7056,0,-2.65923,-9.91451,3.91675,-5.03447,0.284057,0.0816255
601,6.01,-4.95343,0.680842,0,-2.64606,-9.9781,3.92805,-5.03888,0.254192,0.0814968
602,6.02,-4.95677,0.656066,0,-2.6327,-10.0418,3.93936,-5.04316,0.224288,0.081366
603,6.03,-4.95999,0.631274,0,-2.61914,-10.1055,3.95068,-5.04732,0.194343,0.0812247
604,6.04,-4.96308,0.606466,0,-2.60539,-10.1692,3.96201,-5.05136,0.164362,0.0810802
605,6.05,-4.96605,0.581643,0,-2.59145,-10.2331,3.97336,-5.05528,0.13434,0.0809375
606,6.06,-4.9689,0.556806,0,-2.5773,-10.297,3.98472,-5.05908,0.10427,0.0807907
607,6.07,-4.97162,0.531955,0,-2.56295,-10.3609,3.9961,-5.06276,0.07416,0.0806445
608,6.08,-4.97422,0.50709,0,-2.54841,-10.4249,4.0075,-5.06632,0.0440108,0.0804967
609,6.09,-4.97669,0.482213,0,-2.53369,-10.489,4.0189,-5.06978,0.0138129,0.0803391
610,6.1,-4.97904,0.457323,0,-2.51879,-10.5532,4.03031,-5.07313,-0.0164274,0.08018
611,6.11,-4.98127,0.432422,0,-2.50369,-10.6174,4.04176,-5.07636,-0.0467018,0.0800302
612,6.12,-4.98337,0.407511,0,-2.48839,-10.6816,4.05322,-5.07946,-0.0770076,0.0798854
613,6.13,-4.98534,0.382589,0,-2.4729,-10.7459,4.0647,-5.08245,-0.107344,0.0797333
614,6.14,-4.98719,0.357658,0,-2.45721,-10.8102,4.07619,-5.08532,-0.137717,0.0795761
615,6.15,-4.98892,0.332717,0,-2.44133,-10.8746,4.08768,-5.08807,-0.168124,0.0794106
616,6.16,-4.99052,0.307769,0,-2.42527,-10.9391,4.09918,-5.0907,-0.198554,0.0792238
617,6.17,-4.992,0.282812,0,-2.40901,-11.0035,4.11068,-5.09323,-0.229014,0.0790293
618,6.18,-4.99335,0.257849,0,-2.39257,-11.0681,4.12221,-5.09564,-0.259509,0.0788443
619,6.19,-4.99457,0.232879,0,-2.37594,-11.1327,4.13375,-5.09794,-0.290035,0.0786537
620,6.2,-4.99568,0.207903,0,-2.35911,-11.1973,4.14531,-5.05724,-0.130971,0.113528
621,6.21,-4.99665,0.182922,0,-2.34208,-11.262,4.15688,-5.05901,-0.159408,0.113616
622,6.22,-4.9975,0.157937,0,-2.32486,-11.3267,4.16848,-5.06068,-0.187861,0.113713
623,6.23,-4.99823,0.132948,0,-2.30745,-11.3915,4.1801,-5.06224,-0.216334,0.113806
624,6.24,-4.99883,0.107955,0,-2.28986,-11.4563,4.19172,-5.06369,-0.244828,0.113893
625,6.25,-4.99931,0.0829595,0,-2.27209,-11.5211,4.20336,-5.06503,-0.273336,0.113972
626,6.26,-4.99966,0.057962,0,-2.25413,-11.586,4.21501,-5.06626,-0.301861,0.114043
627,6.27,-4.99989,0.032963,0,-2.23596,-11.651,4.22666,-5.06736,-0.330395,0.114111
628,6.28,-4.99999,0.00796326,0,-2.2176,-11.7159,4.23834,-5.06834,-0.358931,0.114181
629,6.29,-4.99997,-0.0170367,0,-2.19904,-11.7809,4.25005,-5.0692,-0.387473,0.114262
630,6.3,-4.99982,-0.0420362,0,-2.18029,-11.846,4.26177,-5.06994,-0.416034,0.114348
631,6.31,-4.99955,-0.0670347,0,-2.16134,-11.911,4.27352,-5.07056,-0.444624,0.114436
632,6.32,-4.99915,-0.0920315,0,-2.14218,-11.9762,4.28527,-5.07104,-0.473245,0.11452
633,6.33,-4.99863,-0.117026,0,-2.12281,-12.0414,4.29704,-5.07141,-0.501882,0.114601
634,6.34,-4.99798,-0.142018,0,-2.10325,-12.1066,4.30883,-5.07165,-0.530534,0.114684
635,6.35,-4.99721,-0.167006,0,-2.0835,-12.1719,4.32064,-5.07178,-0.559213,0.114779
636,6.36,-4.99631,-0.19199,0,-2.06356,-12.2372,4.33249,-5.07179,-0.587913,0.114889
637,6.37,-4.99529,-0.216969,0,-2.04342,-12.3025,4.34436,-5.0717,-0.616631,0.115008
638,6.38,-4.99414,-0.241942,0,-2.0231,-12.3679,4.35626,-5.07149,-0.645368,0.115133
639,6.39,-4.99287,-0.26691,0,-2.00259,-12.4334,4.36818,-5.07117,-0.67412,0.115261
640,6.4,-4.99147,-0.291871,0,-1.9819,-12.4988,4.3801,-5.17877,-0.591133,0.213415
641,6.41,-4.98995,-0.316824,0,-1.96101,-12.5643,4.39202,-5.17964,-0.618662,0.214284
642,6.42,-4.98831,-0.34177,0,-1.93994,-12.6299,4.40395,-5.18041,-0.646191,0.21515
643,6.43,-4.98653,-0.366707,0,-1.91869,-12.6954,4.4159,-5.1811,-0.673713,0.216018
644,6.44,-4.98464,-0.391635,0,-1.89725,-12.761,4.42787,-5.18168,-0.701228,0.216885
645,6.45,-4.98262,-0.416553,0,-1.87562,-12.8266,4.43985,-5.18215,-0.728736,0.217753
646,6.46,-4.98047,-0.441461,0,-1.85379,-12.8922,4.45185,-5.18251,-0.756244,0.218619
647,6.47,-4.9782,-0.466358,0,-1.83177,-12.9579,4.46385,-5.18276,-0.78375,0.219476
648,6.48,-4.97581,-0.491243,0,-1.80954,-13.0235,4.47585,-5.18289,-0.811249,0.220316
649,6.49,-4.97329,-0.516116,0,-1.78712,-13.0892,4.48786,-5.18291,-0.83875,0.221147
650,6.5,-4.97065,-0.540976,0,-1.76451,-13.1549,4.49988,-5.18283,-0.866246,0.221977
651,6.51,-4.96788,-0.565822,0,-1.74172,-13.2206,4.51193,-5.18265,-0.893731,0.222822
652,6.52,-4.96499,-0.590654,0,-1.71873,-13.2864,4.52401,-5.18236,-0.921201,0.223677
653,6.53,-4.96197,-0.615472,0,-1.69554,-13.3521,4.53611,-5.18195,-0.948673,0.224535
654,6.54,-4.95884,-0.640274,0,-1.67215,-13.4179,4.54822,-5.18144,-0.976142,0.225392
655,6.55,-4.95557,-0.66506,0,-1.64858,-13.4837,4.56034,-5.18082,-1.0036,0.226244
656,6.56,-4.95218,-0.689829,0,-1.62482,-13.5495,4.57247,-5.1801,-1.03105,0.227098
657,6.57,-4.94867,-0.714582,0,-1.60085,-13.6153,4.58463,-5.17926,-1.0585,0.227955
658,6.58,-4.94504,-0.739316,0,-1.5767,-13.6812,4.59681,-5.17832,-1.08593,0.228819
659,6.59,-4.94128,-0.764032,0,-1.55236,-13.747,4.60901,-5.17728,-1.11336,0.229693
660,6.6,-4.9374,-0.788728,0,-1.52784,-13.8129,4.62125,-5.23027,-0.879898,0.152418
661,6.61,-4.93339,-0.813406,0,-1.50315,-13.8788,4.63351,-5.22994,-0.904463,0.152848
662,6.62,-4.92926,-0.838062,0,-1.47827,-13.9447,4.64578,-5.22953,-0.929009,0.153277
663,6.63,-4.92501,-0.862698,0,-1.4532,-14.0106,4.65806,-5.22901,-0.953534,0.153694
664,6.64,-4.92064,-0.887312,0,-1.42795,-14.0765,4.67035,-5.2284,-0.978037,0.15411
665,6.65,-4.91614,-0.911904,0,-1.40251,-14.1425,4.68267,-5.2277,-1.00252,0.154538
666,6.66,-4.91152,-0.936473,0,-1.37687,-14.2084,4.69501,-5.22691,-1.02698,0.154968
667,6.67,-4.90678,-0.961019,0,-1.35105,-14.2744,4.70736,-5.22602,-1.05141,0.155392
668,6.68,-4.90191,-0.985541,0,-1.32504,-14.3403,4.71973,-5.22503,-1.07581,0.155818
669,6.69,-4.89692,-1.01004,0,-1.29884,-14.4063,4.73212,-5.22396,-1.10017,0.15625
670,6.7,-4.89181,-1.03451,0,-1.27246,-14.4723,4.74453,-5.22279,-1.1245,0.156683
671,6.71,-4.88657,-1.05896,0,-1.24591,-14.5382,4.75695,-5.22156,-1.14879,0.15711
672,6.72,-4.88122,-1.08338,0,-1.21918,-14.6042,4.76939,-5.22023,-1.17307,0.157536
673,6.73,-4.87574,-1.10777,0,-1.19226,-14.6702,4.78184,-5.21882,-1.19732,0.157959
674,6.74,-4.87014,-1.13213,0,-1.16515,-14.7361,4.7943,-5.2173,-1.22154,0.158369
675,6.75,-4.86442,-1.15647,0,-1.13786,-14.8021,4.80676,-5.2157,-1.24573,0.158775
676,6.76,-4.85858,-1.18078,0,-1.11038,-14.8681,4.81925,-5.21401,-1.26988,0.159187
677,6.77,-4.85261,-1.20505,0,-1.08271,-14.9341,4.83177,-5.21222,-1.294,0.159607
678,6.78,-4.84653,-1.2293,0,-1.05485,-15,4.8443,-5.21033,-1.31809,0.160029
679,6.79,-4.84032,-1.25352,0,-1.02679,-15.066,4.85686,-5.20835,-1.34214,0.160462
680,6.8,-4.83399,-1.27771,0,-0.998544,-15.132,4.86945,-4.92614,-1.30639,0.138452
681,6.81,-4.82754,-1.30186,0,-0.970117,-15.1979,4.88208,-4.92075,-1.32963,0.138623
682,6.82,-4.82097,-1.32598,0,-0.941522,-15.2639,4.89472,-4.91525,-1.35281,0.138795
683,6.83,-4.81428,-1.35007,0,-0.912758,-15.3298,4.90738,-4.90967,-1.37594,0.138959
684,6.84,-4.80747,-1.37412,0,-0.883817,-15.3957,4.92004,-4.90398,-1.39902,0.139113
685,6.85,-4.80054,-1.39814,0,-0.854698,-15.4616,4.93273,-4.8982,-1.42206,0.139266
686,6.86,-4.79349,-1.42213,0,-0.825393,-15.5275,4.94544,-4.8923,-1.44507,0.139423
687,6.87,-4.78632,-1.44608,0,-0.795906,-15.5935,4.95816,-4.8863,-1.46804,0.139571
688,6.88,-4.77903,-1.46999,0,-0.766245,-15.6594,4.97089,-4.8802,-1.49098,0.139713
689,6.89,-4.77162,-1.49387,0,-0.736415,-15.7253,4.98364,-4.87401,-1.51388,0.139858
690,6.9,-4.76409,-1.51771,0,-0.706417,-15.7912,4.99642,-4.86773,-1.53674,0.140004
691,6.91,-4.75644,-1.54151,0,-0.676243,-15.8571,5.00921,-4.86134,-1.55956,0.140149
692,6.92,-4.74868,-1.56527,0,-0.645893,-15.923,5.02203,-4.85487,-1.58235,0.1403
693,6.93,-4.74079,-1.589,0,-0.615366,-15.9889,5.03489,-4.84829,-1.60509,0.140466
694,6.94,-4.73279,-1.61268,0,-0.584662,-16.0548,5.04777,-4.84161,-1.62777,0.140638
695,6.95,-4.72466,-1.63632,0,-0.553781,-16.1206,5.06068,-4.83482,-1.65041,0.140817
696,6.96,-4.71642,-1.65993,0,-0.522712,-16.1865,5.07362,-4.82793,-1.67301,0.141011
697,6.97,-4.70806,-1.68349,0,-0.491457,-16.2524,5.08658,-4.82093,-1.69557,0.141205
698,6.98,-4.69959,-1.70701,0,-0.460028,-16.3182,5.09954,-4.81383,-1.71808,0.141381
699,6.99,-4.69099,-1.73048,0,-0.428419,-16.384,5.11252,-4.80663,-1.74055,0.141556
700,7,-4.68228,-1.75392,0,-0.396617,-16.4498,5.12552,-5.01436,-1.77908,0.217104
701,7.01,-4.67346,-1.77731,0,-0.364634,-16.5156,5.13854,-5.00951,-1.8017,0.21791
702,7.02,-4.66451,-1.80065,0,-0.332474,-16.5814,5.15157,-5.00457,-1.82428,0.218718
703,7.03,-4.65545,-1.82395,0,-0.300137,-16.6472,5.16463,-4.99954,-1.84681,0.219533
704,7.04,-4.64627,-1.8472,0,-0.267617,-16.7129,5.1777,-4.99443,-1.86928,0.220347
705,7.05,-4.63698,-1.87041,0,-0.234916,-16.7787,5.1908,-4.98922,-1.89171,0.221164
706,7.06,-4.62757,-1.89357,0,-0.202041,-16.8444,5.20392,-4.98393,-1.91409,0.221985
707,7.07,-4.61804,-1.91669,0,-0.168993,-16.9101,5.21705,-4.97855,-1.93642,0.222808
708,7.08,-4.6084,-1.93975,0,-0.135763,-16.9757,5.23021,-4.97309,-1.95871,0.223637
709,7.09,-4.59864,-1.96277,0,-0.102354,-17.0414,5.2434,-4.96754,-1.98096,0.224475
710,7.1,-4.58877,-1.98574,0,-0.0687714,-17.107,5.25661,-4.9619,-2.00316,0.225318
711,7.11,-4.57879,-2.00866,0,-0.0350102,-17.1726,5.26984,-4.95618,-2.02531,0.226163
712,7.12,-4.56869,-2.03153,0,-0.00107777,-17.2382,5.28309,-4.95038,-2.04742,0.227012
713,7.13,-4.55847,-2.05435,0,0.0330204,-17.3038,5.29636,-4.9445,-2.06948,0.227859
714,7.14,-4.54814,-2.07711,0,0.0672907,-17.3693,5.30964,-4.93854,-2.09149,0.228702
715,7.15,-4.5377,-2.09983,0,0.101732,-17.4348,5.32295,-4.93249,-2.11343,0.22955
716,7.16,-4.52714,-2.12249,0,0.136351,-17.5003,5.33628,-4.92637,-2.13532,0.230401
717,7.17,-4.51648,-2.1451,0,0.171143,-17.5658,5.34961,-4.92015,-2.15715,0.231243
718,7.18,-4.50569,-2.16765,0,0.206102,-17.6312,5.36296,-4.91386,-2.17892,0.232074
719,7.19,-4.4948,-2.19016,0,0.241212,-17.6966,5.37633,-4.90751,-2.20064,0.232905
720,7.2,-4.48379,-2.2126,0,0.276469,-17.7619,5.38971,-4.74947,-2.38382,0.259763
721,7.21,-4.47267,-2.23499,0,0.311885,-17.8272,5.40312,-4.74101,-2.40708,0.260692
722,7.22,-4.46144,-2.25733,0,0.347457,-17.8925,5.41655,-4.73248,-2.43028,0.261624
723,7.23,-4.4501,-2.27961,0,0.383188,-17.9577,5.43,-4.72386,-2.45342,0.262553
724,7.24,-4.43865,-2.30183,0,0.419078,-18.0229,5.44348,-4.71515,-2.47651,0.263485
725,7.25,-4.42708,-2.32399,0,0.455132,-18.0881,5.45697,-4.70636,-2.49955,0.264421
726,7.26,-4.41541,-2.3461,0,0.491357,-18.1532,5.47048,-4.69747,-2.52252,0.265351
727,7.27,-4.40362,-2.36815,0,0.527741,-18.2183,5.48402,-4.68849,-2.54544,0.266283
728,7.28,-4.39173,-2.39014,0,0.564275,-18.2833,5.49758,-4.67944,-2.5683,0.26722
729,7.29,-4.37972,-2.41206,0,0.600963,-18.3483,5.51114,-4.67031,-2.5911,0.268144
730,7.3,-4.3676,-2.43393,0,0.637803,-18.4132,5.52471,-4.6611,-2.61384,0.269046
731,7.31,-4.35538,-2.45574,0,0.674803,-18.4781,5.53829,-4.6518,-2.63653,0.269945
732,7.32,-4.34305,-2.47749,0,0.711967,-18.543,5.5519,-4.64241,-2.65915,0.270849
733,7.33,-4.33061,-2.49917,0,0.749291,-18.6078,5.56553,-4.63294,-2.68172,0.271758
734,7.34,-4.31806,-2.52079,0,0.786783,-18.6726,5.57918,-4.62337,-2.70424,0.272666
735,7.35,-4.3054,-2.54235,0,0.824437,-18.7374,5.59284,-4.61371,-2.7267,0.273569
736,7.36,-4.29263,-2.56385,0,0.862244,-18.802,5.60653,-4.60398,-2.74909,0.27447
737,7.37,-4.27976,-2.58528,0,0.900213,-18.8667,5.62024,-4.59415,-2.77142,0.275375
738,7.38,-4.26678,-2.60664,0,0.938355,-18.9313,5.63398,-4.58423,-2.79371,0.276294
739,7.39,-4.25369,-2.62795,0,0.976655,-18.9959,5.64775,-4.57422,-2.81593,0.277222
740,7.4,-4.2405,-2.64918,0,1.0151,-19.0604,5.66153,-4.647,-2.48398,0.305003
741,7.41,-4.2272,-2.67035,0,1.0537,-19.1248,5.67534,-4.63822,-2.50234,0.306146
742,7.42,-4.2138,-2.69145,0,1.09244,-19.1892,5.68918,-4.62938,-2.52061,0.307297
743,7.43,-4.20029,-2.71249,0,1.13134,-19.2536,5.70303,-4.62046,-2.53881,0.308445
744,7.44,-4.18667,-2.73346,0,1.17039,-19.3179,5.71691,-4.61148,-2.55693,0.30959
745,7.45,-4.17295,-2.75435,0,1.20959,-19.3822,5.7308,-4.60244,-2.57497,0.310734
746,7.46,-4.15913,-2.77518,0,1.24894,-19.4464,5.74471,-4.59333,-2.59294,0.311875
747,7.47,-4.1452,-2.79595,0,1.28846,-19.5106,5.75864,-4.58415,-2.61083,0.313019
748,7.48,-4.13117,-2.81664,0,1.32812,-19.5747,5.77261,-4.5749,-2.62864,0.314173
749,7.49,-4.11703,-2.83726,0,1.36791,-19.6388,5.78659,-4.56561,-2.64637,0.315325
750,7.5,-4.1028,-2.85781,0,1.40782,-19.7028,5.8006,-4.55628,-2.66402,0.316472
751,7.51,-4.08846,-2.87828,0,1.44787,-19.7667,5.81462,-4.54689,-2.68159,0.31762
752,7.52,-4.07401,-2.89869,0,1.48808,-19.8307,5.82867,-4.53744,-2.69907,0.318763
753,7.53,-4.05947,-2.91902,0,1.52844,-19.8945,5.84272,-4.52791,-2.71645,0.3199
754,7.54,-4.04482,-2.93929,0,1.56896,-19.9583,5.8568,-4.51832,-2.73375,0.321034
755,7.55,-4.03008,-2.95947,0,1.60963,-20.022,5.8709,-4.50865,-2.75096,0.322171
756,7.56,-4.01523,-2.97959,0,1.65045,-20.0856,5.88502,-4.49893,-2.76808,0.323308
757,7.57,-4.00028,-2.99962,0,1.69139,-20.1492,5.89916,-4.48915,-2.78511,0.324443
758,7.58,-3.98523,-3.01959,0,1.73248,-20.2128,5.91332,-4.47933,-2.80207,0.325576
759,7.59,-3.97009,-3.03948,0,1.77371,-20.2762,5.92751,-4.46944,-2.81893,0.326718
760,7.6,-3.95484,-3.05929,0,1.81506,-20.3396,5.94173,-4.26016,-2.88186,0.233897
761,7.61,-3.93949,-3.07903,0,1.85654,-20.403,5.95597,-4.24769,-2.8989,0.234298
762,7.62,-3.92405,-3.09868,0,1.89816,-20.4663,5.97024,-4.23515,-2.91588,0.234702
763,7.63,-3.90851,-3.11827,0,1.93991,-20.5296,5.98452,-4.22255,-2.93276,0.235105
764,7.64,-3.89287,-3.13777,0,1.98179,-20.5928,5.99884,-4.20988,-2.94956,0.23551
765,7.65,-3.87713,-3.15719,0,2.02382,-20.6559,6.01318,-4.19714,-2.96627,0.235925
766,7.66,-3.86129,-3.17654,0,2.06598,-20.719,6.02755,-4.18432,-2.98289,0.23634
767,7.67,-3.84536,-3.19581,0,2.10829,-20.782,6.04195,-4.17144,-2.99942,0.236753
768,7.68,-3.82934,-3.21499,0,2.15073,-20.8449,6.05637,-4.15848,-3.01587,0.237173
769,7.69,-3.81321,-3.2341,0,2.19333,-20.9078,6.07082,-4.14543,-3.03221,0.237596
770,7.7,-3.797,-3.25313,0,2.23606,-20.9706,6.08529,-4.13232,-3.04846,0.238019
771,7.71,-3.78068,-3.27207,0,2.27894,-21.0334,6.0998,-4.11912,-3.06463,0.238453
772,7.72,-3.76427,-3.29093,0,2.32195,-21.096,6.11434,-4.10586,-3.0807,0.238895
773,7.73,-3.74777,-3.30971,0,2.3651,-21.1586,6.12891,-4.09253,-3.09667,0.23934
774,7.74,-3.73118,-3.32841,0,2.40838,-21.2212,6.14351,-4.07913,-3.11256,0.239791
775,7.75,-3.71449,-3.34702,0,2.45179,-21.2837,6.15813,-4.06567,-3.12835,0.240237
776,7.76,-3.69771,-3.36555,0,2.49533,-21.3461,6.17277,-4.05215,-3.14405,0.24068
777,7.77,-3.68083,-3.384,0,2.53898,-21.4084,6.18743,-4.03858,-3.15964,0.241122
778,7.78,-3.66387,-3.40236,0,2.58276,-21.4706,6.20212,-4.02494,-3.17512,0.241564
779,7.79,-3.64681,-3.42064,0,2.62668,-21.5328,6.21683,-4.01123,-3.19051,0.242003
780,7.8,-3.62966,-3.43883,0,2.67072,-21.5949,6.23157,-3.9957,-3.14106,0.290262
781,7.81,-3.61242,-3.45694,0,2.71489,-21.6569,6.24633,-3.98192,-3.15558,0.291018
782,7.82,-3.59509,-3.47495,0,2.75918,-21.7189,6.26111,-3.96809,-3.17002,0.291765
783,7.83,-3.57767,-3.49289,0,2.80361,-21.7808,6.2759,-3.95418,-3.18435,0.292504
784,7.84,-3.56016,-3.51073,0,2.84818,-21.8426,6.29072,-3.9402,-3.19859,0.293239
785,7.85,-3.54257,-3.52849,0,2.89289,-21.9044,6.30555,-3.92615,-3.21272,0.293976
786,7.86,-3.52488,-3.54616,0,2.93773,-21.966,6.32042,-3.91203,-3.22677,0.294719
787,7.87,-3.5071,-3.56374,0,2.98272,-22.0277,6.33531,-3.89784,-3.24072,0.295462
788,7.88,-3.48924,-3.58123,0,3.02783,-22.0892,6.35022,-3.88357,-3.25458,0.296196
789,7.89,-3.47129,-3.59863,0,3.07307,-22.1507,6.36515,-3.86925,-3.26833,0.296927
790,7.9,-3.45326,-3.61594,0,3.11843,-22.2121,6.3801,-3.85487,-3.28198,0.297654
791,7.91,-3.43513,-3.63316,0,3.16391,-22.2734,6.39507,-3.84043,-3.29552,0.298377
792,7.92,-3.41692,-3.65029,0,3.20951,-22.3346,6.41006,-3.82593,-3.30896,0.299097
793,7.93,-3.39863,-3.66733,0,3.25525,-22.3957,6.42508,-3.81136,-3.32229,0.299821
794,7.94,-3.38025,-3.68428,0,3.30113,-22.4568,6.44015,-3.79672,-3.33553,0.300565
795,7.95,-3.36179,-3.70113,0,3.34713,-22.5178,6.45525,-3.78202,-3.34867,0.301321
796,7.96,-3.34324,-3.7179,0,3.39326,-22.5787,6.47037,-3.76725,-3.36169,0.302071
797,7.97,-3.32461,-3.73457,0,3.43952,-22.6396,6.4855,-3.75242,-3.37462,0.302814
798,7.98,-3.30589,-3.75114,0,3.48589,-22.7003,6.50067,-3.73753,-3.38744,0.303556
799,7.99,-3.2871,-3.76762,0,3.53238,-22.761,6.51586,-3.7226,-3.40016,0.304303
800,8,-3.26822,-3.78401,0,3.57897,-22.8216,6.53108,-3.5526,-3.48195,0.247637
801,8.01,-3.24926,-3.80031,0,3.62566,-22.8821,6.54634,-3.53563,-3.49505,0.247944
802,8.02,-3.23022,-3.8165,0,3.67247,-22.9426,6.56162,-3.5186,-3.50806,0.24825
803,8.03,-3.21109,-3.83261,0,3.7194,-23.0029,6.57692,-3.50149,-3.52098,0.248557
804,8.04,-3.19189,-3.84862,0,3.76645,-23.0632,6.59225,-3.48432,-3.53379,0.248865
805,8.05,-3.17261,-3.86453,0,3.81361,-23.1234,6.60761,-3.46709,-3.54649,0.249171
806,8.06,-3.15324,-3.88034,0,3.86088,-23.1835,6.62299,-3.4498,-3.55909,0.249468
807,8.07,-3.1338,-3.89606,0,3.90825,-23.2436,6.63839,-3.43244,-3.57158,0.249765
808,8.08,-3.11428,-3.91168,0,3.95574,-23.3035,6.65382,-3.41503,-3.58397,0.250063
809,8.09,-3.09469,-3.9272,0,4.00336,-23.3634,6.66928,-3.39754,-3.59626,0.250363
810,8.1,-3.07501,-3.94263,0,4.05108,-23.4232,6.68476,-3.37998,-3.60844,0.250659
811,8.11,-3.05526,-3.95795,0,4.0989,-23.4829,6.70027,-3.36238,-3.62053,0.250956
812,8.12,-3.03543,-3.97318,0,4.14683,-23.5426,6.71581,-3.34473,-3.63253,0.251256
813,8.13,-3.01553,-3.98831,0,4.19485,-23.6022,6.73137,-3.32702,-3.64443,0.251555
814,8.14,-2.99555,-4.00333,0,4.24299,-23.6617,6.74696,-3.30925,-3.65622,0.251857
815,8.15,-2.9755,-4.01826,0,4.29126,-23.7211,6.76259,-3.29141,-3.66792,0.252167
816,8.16,-2.95537,-4.03309,0,4.33963,-23.7804,6.77825,-3.27351,-3.67952,0.25248
817,8.17,-2.93516,-4.04782,0,4.38809,-23.8397,6.79394,-3.25556,-3.69099,0.252794
818,8.18,-2.91489,-4.06244,0,4.43666,-23.8988,6.80965,-3.23754,-3.70234,0.253109
819,8.19,-2.89454,-4.07696,0,4.48535,-23.9579,6.82539,-3.21946,-3.71359,0.253423
820,8.2,-2.87412,-4.09139,0,4.53413,-24.0168,6.84116,-3.33865,-3.95364,0.292975
821,8.21,-2.85363,-4.1057,0,4.58302,-24.0757,6.85694,-3.32204,-3.96721,0.29367
822,8.22,-2.83306,-4.11992,0,4.63201,-24.1346,6.87275,-3.30539,-3.98069,0.294361
823,8.23,-2.81243,-4.13404,0,4.6811,-24.1933,6.88859,-3.28867,-3.99407,0.295067
824,8.24,-2.79172,-4.14805,0,4.7303,-24.2519,6.90447,-3.27192,-4.00734,0.295781
825,8.25,-2.77095,-4.16195,0,4.77959,-24.3105,6.92038,-3.25512,-4.02052,0.296501
826,8.26,-2.7501,-4.17576,0,4.82899,-24.3689,6.93633,-3.23827,-4.03359,0.297234
827,8.27,-2.72919,-4.18945,0,4.87847,-24.4273,6.95231,-3.22139,-4.04657,0.29798
828,8.28,-2.70821,-4.20305,0,4.92806,-24.4856,6.96833,-3.20446,-4.05945,0.298729
829,8.29,-2.68716,-4.21654,0,4.97775,-24.5437,6.98436,-3.18747,-4.07222,0.299472
830,8.3,-2.66604,-4.22992,0,5.02754,-24.6018,7.00042,-3.17045,-4.0849,0.300211
831,8.31,-2.64486,-4.2432,0,5.07741,-24.6598,7.0165,-3.15339,-4.09749,0.300947
832,8.32,-2.62361,-4.25637,0,5.12737,-24.7177,7.03261,-3.13629,-4.10997,0.301692
833,8.33,-2.6023,-4.26943,0,5.17742,-24.7755,7.04876,-3.11917,-4.12235,0.302445
834,8.34,-2.58092,-4.28239,0,5.22756,-24.8332,7.06494,-3.10199,-4.13463,0.303199
835,8.35,-2.55947,-4.29524,0,5.27782,-24.8908,7.08114,-3.08475,-4.14681,0.303958
836,8.36,-2.53797,-4.30798,0,5.32818,-24.9484,7.09738,-3.06747,-4.15889,0.304725
837,8.37,-2.51639,-4.32062,0,5.37863,-25.0058,7.11366,-3.05014,-4.17089,0.305507
838,8.38,-2.49476,-4.33315,0,5.42918,-25.0631,7.12997,-3.03277,-4.18279,0.306299
839,8.39,-2.47306,-4.34557,0,5.47983,-25.1204,7.14632,-3.01535,-4.19459,0.307097
840,8.4,-2.4513,-4.35788,0,5.53057,-25.1776,7.1627,-2.7685,-4.11887,0.171175
841,8.41,-2.42948,-4.37008,0,5.58139,-25.2346,7.17911,-2.74822,-4.12932,0.170938
842,8.42,-2.4076,-4.38217,0,5.63229,-25.2916,7.19556,-2.72791,-4.13966,0.170703
843,8.43,-2.38566,-4.39416,0,5.68325,-25.3485,7.21204,-2.70755,-4.14988,0.17047
844,8.44,-2.36366,-4.40603,0,5.7343,-25.4053,7.22855,-2.68715,-4.16,0.170243
845,8.45,-2.3416,-4.41779,0,5.78544,-25.462,7.2451,-2.6667,-4.17002,0.170022
846,8.46,-2.31948,-4.42945,0,5.83664,-25.5186,7.26168,-2.64622,-4.17993,0.169806
847,8.47,-2.29731,-4.44099,0,5.8879,-25.5751,7.27829,-2.6257,-4.18972,0.16959
848,8.48,-2.27507,-4.45242,0,5.93925,-25.6315,7.29493,-2.60513,-4.19941,0.169377
849,8.49,-2.25278,-4.46374,0,5.99068,-25.6878,7.31161,-2.58452,-4.20898,0.169163
850,8.5,-2.23044,-4.47495,0,6.04219,-25.7441,7.32831,-2.56385,-4.21845,0.16895
851,8.51,-2.20803,-4.48604,0,6.09378,-25.8002,7.34505,-2.54313,-4.2278,0.168747
852,8.52,-2.18558,-4.49703,0,6.14545,-25.8562,7.36183,-2.52237,-4.23703,0.168552
853,8.53,-2.16306,-4.5079,0,6.19718,-25.9121,7.37863,-2.50157,-4.24614,0.168352
854,8.54,-2.1405,-4.51866,0,6.24899,-25.968,7.39545,-2.48072,-4.25514,0.168138
855,8.55,-2.11788,-4.5293,0,6.30087,-26.0237,7.4123,-2.45982,-4.26401,0.16792
856,8.56,-2.09521,-4.53984,0,6.35284,-26.0793,7.42918,-2.43888,-4.27278,0.167713
857,8.57,-2.07248,-4.55026,0,6.40488,-26.1348,7.44611,-2.41789,-4.28143,0.167526
858,8.58,-2.0497,-4.56056,0,6.45699,-26.1902,7.46309,-2.39686,-4.28996,0.167349
859,8.59,-2.02687,-4.57075,0,6.50917,-26.2456,7.48008,-2.37578,-4.29839,0.167166
860,8.6,-2.004,-4.58083,0,6.56143,-26.3008,7.4971,-2.45721,-4.36594,0.19887
861,8.61,-1.98107,-4.59079,0,6.61376,-26.3559,7.51414,-2.43728,-4.37488,0.198954
862,8.62,-1.95809,-4.60064,0,6.66615,-26.411,7.53123,-2.41733,-4.3837,0.199052
863,8.63,-1.93506,-4.61037,0,6.71861,-26.4659,7.54836,-2.39734,-4.39242,0.199157
864,8.64,-1.91198,-4.61999,0,6.77113,-26.5208,7.56551,-2.37732,-4.40103,0.199259
865,8.65,-1.88886,-4.62949,0,6.82372,-26.5755,7.58269,-2.35727,-4.40954,0.199367
866,8.66,-1.86569,-4.63888,0,6.87637,-26.6302,7.5999,-2.3372,-4.41794,0.199475
867,8.67,-1.84247,-4.64815,0,6.92908,-26.6848,7.61714,-2.31711,-4.42624,0.199577
868,8.68,-1.81921,-4.6573,0,6.98185,-26.7392,7.6344,-2.29699,-4.43442,0.199676
869,8.69,-1.7959,-4.66634,0,7.03467,-26.7936,7.6517,-2.27685,-4.44248,0.199776
870,8.7,-1.77255,-4.67526,0,7.08756,-26.8478,7.66901,-2.25666,-4.45043,0.199868
871,8.71,-1.74915,-4.68407,0,7.14052,-26.902,7.68634,-2.23645,-4.45827,0.199949
872,8.72,-1.7257,-4.69275,0,7.19356,-26.956,7.7037,-2.21619,-4.46601,0.200027
873,8.73,-1.70222,-4.70132,0,7.24666,-27.01,7.72108,-2.1959,-4.47363,0.200103
874,8.74,-1.67869,-4.70978,0,7.29983,-27.0638,7.73848,-2.17557,-4.48114,0.200168
875,8.75,-1.65512,-4.71811,0,7.35305,-27.1176,7.7559,-2.15522,-4.48853,0.200228
876,8.76,-1.63151,-4.72633,0,7.40633,-27.1712,7.77336,-2.13484,-4.49581,0.200295
877,8.77,-1.60786,-4.73443,0,7.45968,-27.2247,7.79085,-2.11443,-4.50299,0.200363
878,8.78,-1.58417,-4.74241,0,7.51308,-27.2782,7.80837,-2.094,-4.51006,0.200433
879,8.79,-1.56044,-4.75027,0,7.56654,-27.3315,7.82594,-2.07355,-4.51704,0.200515
880,8.8,-1.53666,-4.75801,0,7.62005,-27.3848,7.84354,-1.95894,-4.58638,0.166115
881,8.81,-1.51286,-4.76563,0,7.6736,-27.438,7.86118,-1.93734,-4.5937,0.165972
882,8.82,-1.48901,-4.77314,0,7.72718,-27.491,7.87884,-1.91573,-4.6009,0.165819
883,8.83,-1.46512,-4.78052,0,7.78081,-27.544,7.89651,-1.89409,-4.60799,0.165654
884,8.84,-1.4412,-4.78779,0,7.83448,-27.5968,7.91421,-1.87244,-4.61496,0.16548
885,8.85,-1.41725,-4.79494,0,7.8882,-27.6496,7.93194,-1.85076,-4.62181,0.165308
886,8.86,-1.39325,-4.80196,0,7.94197,-27.7022,7.9497,-1.82905,-4.62857,0.165136
887,8.87,-1.36923,-4.80887,0,7.99579,-27.7548,7.96749,-1.80731,-4.63523,0.164964
888,8.88,-1.34517,-4.81565,0,8.04967,-27.8072,7.98532,-1.78555,-4.64178,0.164806
889,8.89,-1.32107,-4.82232,0,8.10358,-27.8596,8.00319,-1.76378,-4.64822,0.164652
890,8.9,-1.29694,-4.82887,0,8.15753,-27.9119,8.02109,-1.74198,-4.65454,0.164505
891,8.91,-1.27278,-4.83529,0,8.21153,-27.964,8.03904,-1.72016,-4.66075,0.164366
892,8.92,-1.24859,-4.84159,0,8.26556,-28.0161,8.05701,-1.69834,-4.66684,0.164232
893,8.93,-1.22437,-4.84778,0,8.31961,-28.068,8.07503,-1.67651,-4.67282,0.164109
894,8.94,-1.20011,-4.85384,0,8.37369,-28.1199,8.09308,-1.65468,-4.67871,0.163987
895,8.95,-1.17583,-4.85978,0,8.42782,-28.1717,8.11117,-1.63283,-4.68449,0.163867
896,8.96,-1.15151,-4.86559,0,8.48198,-28.2234,8.12928,-1.61097,-4.69018,0.16375
897,8.97,-1.12717,-4.87129,0,8.53619,-28.275,8.14743,-1.58908,-4.69576,0.163631
898,8.98,-1.1028,-4.87687,0,8.59043,-28.3265,8.16561,-1.56718,-4.70123,0.163515
899,8.99,-1.0784,-4.88232,0,8.64472,-28.3779,8.18381,-1.54525,-4.70658,0.163396
900,9,-1.05398,-4.88765,0,8.69903,-28.4291,8.20204,-1.36896,-4.72464,0.123242
901,9.01,-1.02953,-4.89286,0,8.75337,-28.4803,8.2203,-1.34521,-4.72971,0.122803
902,9.02,-1.00505,-4.89795,0,8.80773,-28.5314,8.23857,-1.32144,-4.73467,0.122347
903,9.03,-0.980548,-4.90291,0,8.86214,-28.5823,8.25687,-1.29763,-4.73951,0.121883
904,9.04,-0.956022,-4.90775,0,8.91658,-28.6332,8.2752,-1.2738,-4.74422,0.121425
905,9.05,-0.931471,-4.91247,0,8.97104,-28.6839,8.29357,-1.24995,-4.74881,0.12097
906,9.06,-0.906897,-4.91707,0,9.02554,-28.7346,8.31195,-1.22607,-4.75329,0.120494
907,9.07,-0.882301,-4.92154,0,9.08007,-28.7851,8.33034,-1.20217,-4.75765,0.120006
908,9.08,-0.857682,-4.92589,0,9.13464,-28.8356,8.34878,-1.17824,-4.7619,0.119528
909,9.09,-0.833042,-4.93012,0,9.18924,-28.8859,8.36726,-1.15428,-4.76603,0.119062
910,9.1,-0.808381,-4.93422,0,9.24388,-28.9361,8.38578,-1.13029,-4.77005,0.118605
911,9.11,-0.7837,-4.9382,0,9.29854,-28.9862,8.40433,-1.10627,-4.77395,0.118152
912,9.12,-0.758999,-4.94206,0,9.35323,-29.0363,8.42292,-1.08225,-4.77772,0.117697
913,9.13,-0.73428,-4.94579,0,9.40794,-29.0862,8.44154,-1.05821,-4.78138,0.117245
914,9.14,-0.709542,-4.9494,0,9.46268,-29.136,8.46019,-1.03414,-4.78495,0.1168
915,9.15,-0.684786,-4.95288,0,9.51743,-29.1857,8.47888,-1.01007,-4.78839,0.116354
916,9.16,-0.660013,-4.95625,0,9.57219,-29.2354,8.49759,-0.985995,-4.79172,0.115899
917,9.17,-0.635224,-4.95948,0,9.62697,-29.2849,8.51632,-0.961911,-4.79494,0.115436
918,9.18,-0.610418,-4.9626,0,9.68176,-29.3343,8.53509,-0.937817,-4.79803,0.114978
919,9.19,-0.585598,-4.96559,0,9.73658,-29.3837,8.5539,-0.913705,-4.801,0.114525
920,9.2,-0.560763,-4.96846,0,9.79142,-29.4329,8.57273,-0.797973,-4.89886,0.0469746
921,9.21,-0.535913,-4.9712,0,9.84628,-29.482,8.59159,-0.772774,-4.90253,0.0460769
922,9.22,-0.511051,-4.97381,0,9.90116,-29.5311,8.61047,-0.74756,-4.90609,0.0451717
923,9.23,-0.486176,-4.97631,0,9.95606,-29.5801,8.62939,-0.72233,-4.90957,0.0442649
924,9.24,-0.461288,-4.97868,0,10.011,-29.629,8.64834,-0.697083,-4.91293,0.0433658
925,9.25,-0.436389,-4.98092,0,10.0659,-29.6778,8.66733,-0.671815,-4.91619,0.0424744
926,9.26,-0.411479,-4.98304,0,10.1209,-29.7265,8.68636,-0.646532,-4.91934,0.0415904
927,9.27,-0.386559,-4.98503,0,10.1758,-29.7751,8.70542,-0.621242,-4.92237,0.0407045
928,9.28,-0.361629,-4.98691,0,10.2308,-29.8236,8.7245,-0.595959,-4.92531,0.0398089
929,9.29,-0.33669,-4.98865,0,10.2857,-29.872,8.74361,-0.570683,-4.92814,0.0389045
930,9.3,-0.311743,-4.99027,0,10.3407,-29.9203,8.76274,-0.54541,-4.93085,0.0379931
931,9.31,-0.286787,-4.99177,0,10.3956,-29.9686,8.7819,-0.520143,-4.93345,0.0370777
932,9.32,-0.261825,-4.99314,0,10.4505,-30.0167,8.80109,-0.494882,-4.93593,0.0361555
933,9.33,-0.236856,-4.99439,0,10.5055,-30.0648,8.82031,-0.469614,-4.93832,0.0352331
934,9.34,-0.211881,-4.99551,0,10.5604,-30.1128,8.83956,-0.44433,-4.94061,0.0343123
935,9.35,-0.186901,-4.99651,0,10.6154,-30.1607,8.85884,-0.41903,-4.94279,0.0333901
936,9.36,-0.161917,-4.99738,0,10.6703,-30.2084,8.87816,-0.393722,-4.94487,0.0324725
937,9.37,-0.136928,-4.99812,0,10.7253,-30.2561,8.89752,-0.368407,-4.94684,0.0315621
938,9.38,-0.111936,-4.99875,0,10.7803,-30.3037,8.91692,-0.343072,-4.9487,0.0306633
939,9.39,-0.0869405,-4.99924,0,10.8353,-30.3513,8.93636,-0.31773,-4.95046,0.0297771
940,9.4,-0.0619433,-4.99962,0,10.8903,-30.3987,8.95585,-0.232304,-4.83744,-0.030639
941,9.41,-0.0369446,-4.99986,0,10.9453,-30.446,8.97537,-0.206216,-4.83766,-0.0319814
942,9.42,-0.0119449,-4.99999,0,11.0003,-30.4933,8.99492,-0.180106,-4.83777,-0.0333319
943,9.43,0.0130551,-4.99998,0,11.0553,-30.5404,9.0145,-0.153991,-4.83775,-0.0346802
944,9.44,0.0380547,-4.99986,0,11.1103,-30.5875,9.03412,-0.127877,-4.83762,-0.036025
945,9.45,0.0630534,-4.9996,0,11.1653,-30.6345,9.05377,-0.101754,-4.83737,-0.0373733
946,9.46,0.0880505,-4.99922,0,11.2203,-30.6814,9.07345,-0.0756246,-4.837,-0.0387189
947,9.47,0.113045,-4.99872,0,11.2753,-30.7281,9.09317,-0.0494856,-4.83653,-0.0400594
948,9.48,0.138038,-4.99809,0,11.3303,-30.7748,9.11293,-0.0233347,-4.83593,-0.0413992
949,9.49,0.163026,-4.99734,0,11.3852,-30.8214,9.13272,0.0028231,-4.83521,-0.0427376
950,9.5,0.188011,-4.99646,0,11.4402,-30.8679,9.15255,0.0289865,-4.83437,-0.0440718
951,9.51,0.212991,-4.99546,0,11.4952,-30.9143,9.17241,0.0551602,-4.83341,-0.0454057
952,9.52,0.237965,-4.99433,0,11.5502,-30.9606,9.19231,0.0813446,-4.83233,-0.0467363
953,9.53,0.262934,-4.99308,0,11.6051,-31.0069,9.21225,0.107536,-4.83113,-0.0480586
954,9.54,0.287896,-4.9917,0,11.6601,-31.053,9.23223,0.133731,-4.82982,-0.049379
955,9.55,0.312851,-4.9902,0,11.715,-31.099,9.25223,0.159932,-4.82839,-0.0507014
956,9.56,0.337798,-4.98858,0,11.77,-31.145,9.27226,0.186145,-4.82684,-0.0520354
957,9.57,0.362736,-4.98682,0,11.8249,-31.1908,9.29231,0.212366,-4.82518,-0.0533776
958,9.58,0.387666,-4.98495,0,11.8798,-31.2365,9.31241,0.238586,-4.82339,-0.0547105
959,9.59,0.412585,-4.98295,0,11.9347,-31.2822,9.33254,0.264794,-4.82149,-0.0560377
960,9.6,0.437495,-4.98082,0,11.9896,-31.3278,9.35272,0.541554,-5.08516,0.0321856
961,9.61,0.462393,-4.97857,0,12.0445,-31.3733,9.37292,0.5704,-5.08572,0.0315363
962,9.62,0.48728,-4.9762,0,12.0993,-31.4187,9.39314,0.599259,-5.08619,0.0308741
963,9.63,0.512155,-4.9737,0,12.1542,-31.464,9.41338,0.628137,-5.08655,0.0302061
964,9.64,0.537017,-4.97108,0,12.209,-31.5093,9.43366,0.657027,-5.08682,0.0295418
965,9.65,0.561866,-4.96833,0,12.2638,-31.5544,9.45398,0.685913,-5.08697,0.0288856
966,9.66,0.5867,-4.96546,0,12.3186,-31.5995,9.47434,0.714797,-5.087,0.0282362
967,9.67,0.61152,-4.96246,0,12.3734,-31.6444,9.49473,0.743679,-5.08692,0.0275907
968,9.68,0.636325,-4.95934,0,12.4281,-31.6893,9.51517,0.772565,-5.08673,0.0269549
969,9.69,0.661113,-4.9561,0,12.4828,-31.7341,9.53565,0.801462,-5.08643,0.0263334
970,9.7,0.685886,-4.95273,0,12.5374,-31.7788,9.55617,0.830375,-5.08602,0.0257129
971,9.71,0.710641,-4.94924,0,12.5921,-31.8234,9.57671,0.8593,-5.08551,0.0250895
972,9.72,0.735378,-4.94563,0,12.6468,-31.8679,9.59728,0.888234,-5.08491,0.0244589
973,9.73,0.760097,-4.94189,0,12.7014,-31.9123,9.61787,0.917174,-5.0842,0.0238218
974,9.74,0.784796,-4.93803,0,12.756,-31.9566,9.6385,0.94613,-5.08338,0.0231939
975,9.75,0.809477,-4.93404,0,12.8106,-32.0009,9.65918,0.975109,-5.08246,0.0225762
976,9.76,0.834137,-4.92993,0,12.8652,-32.045,9.67989,1.0041,-5.08142,0.0219655
977,9.77,0.858776,-4.9257,0,12.9197,-32.0891,9.70064,1.03309,-5.08028,0.0213613
978,9.78,0.883393,-4.92134,0,12.9743,-32.1331,9.72143,1.06209,-5.07905,0.0207621
979,9.79,0.907989,-4.91686,0,13.0288,-32.177,9.74225,1.09109,-5.07772,0.0201664
980,9.8,0.932562,-4.91226,0,13.0833,-32.2208,9.76311,1.18746,-4.94007,-0.0624197
981,9.81,0.957111,-4.90754,0,13.1377,-32.2645,9.78401,1.2173,-4.93692,-0.0636388
982,9.82,0.981637,-4.90269,0,13.1921,-32.3082,9.80492,1.24714,-4.93367,-0.0648666
983,9.83,1.00614,-4.89772,0,13.2465,-32.3518,9.82586,1.27698,-4.9303,-0.0661039
984,9.84,1.03061,-4.89263,0,13.3009,-32.3953,9.84683,1.30681,-4.92683,-0.0673445
985,9.85,1.05506,-4.88742,0,13.3552,-32.4387,9.86784,1.33665,-4.92324,-0.0685833
986,9.86,1.07949,-4.88208,0,13.4095,-32.482,9.88887,1.36649,-4.91953,-0.0698276
987,9.87,1.10388,-4.87662,0,13.4637,-32.5253,9.90994,1.39634,-4.91571,-0.0710694
988,9.88,1.12825,-4.87104,0,13.5179,-32.5685,9.93104,1.42618,-4.91177,-0.0723058
989,9.89,1.1526,-4.86534,0,13.5721,-32.6115,9.95218,1.45602,-4.90772,-0.073543
990,9.9,1.17691,-4.85952,0,13.6262,-32.6546,9.97335,1.48586,-4.90355,-0.0747809
991,9.91,1.20119,-4.85357,0,13.6803,-32.6975,9.99456,1.5157,-4.89927,-0.0760182
992,9.92,1.22544,-4.8475,0,13.7343,-32.7404,10.0158,1.54554,-4.89489,-0.0772484
993,9.93,1.24966,-4.84132,0,13.7884,-32.7831,10.0371,1.57537,-4.89039,-0.0784738
994,9.94,1.27386,-4.83501,0,13.8423,-32.8258,10.0584,1.60519,-4.88576,-0.0797
995,9.95,1.29801,-4.82858,0,13.8962,-32.8685,10.0798,1.63501,-4.88103,-0.0809205
996,9.96,1.32214,-4.82203,0,13.9501,-32.911,10.1012,1.66482,-4.87616,-0.0821301
997,9.97,1.34623,-4.81536,0,14.0039,-32.9535,10.1226,1.69463,-4.87119,-0.0833351
998,9.98,1.37029,-4.80856,0,14.0577,-32.9958,10.1441,1.72444,-4.86611,-0.084546
999,9.99,1.39432,-4.80165,0,14.1114,-33.0382,10.1655,1.75425,-4.86093,-0.0857646
